Sesion,Timestamp,Latitud,Longitud,PM2.5
M-I-AM-05NOV19-CLA,2019-11-05 10:47:16.108,3.3676285000000004,-76.53067370000001,1.0
M-I-AM-05NOV19-CLA,2019-11-05 10:47:17.104,3.3675957999999997,-76.5306122,0.0
M-I-AM-05NOV19-CLA,2019-11-05 10:47:18.102,3.3675571000000004,-76.53054770000001,0.0
M-I-AM-05NOV19-CLA,2019-11-05 10:47:19.107,3.3675571000000004,-76.53054770000001,0.0
M-I-AM-05NOV19-CLA,2019-11-05 10:47:20.105,3.3674736000000003,-76.5304247,1.0
M-I-AM-05NOV19-CLA,2019-11-05 10:47:21.103,3.3674144,-76.53036390000001,0.0
M-I-AM-05NOV19-CLA,2019-11-05 10:47:22.106,3.3673421,-76.53030550000001,0.0
M-I-AM-05NOV19-CLA,2019-11-05 10:47:23.107,3.3672502,-76.53027270000001,0.0
M-I-AM-05NOV19-CLA,2019-11-05 10:47:24.102,3.3671493999999997,-76.5302571,0.0
M-I-AM-05NOV19-CLA,2019-11-05 10:47:25.107,3.3671493999999997,-76.5302571,0.0
M-I-AM-05NOV19-CLA,2019-11-05 10:47:26.107,3.3671493999999997,-76.5302571,0.0
M-I-AM-05NOV19-CLA,2019-11-05 10:47:27.103,3.3671493999999997,-76.5302571,0.0
M-I-AM-05NOV19-CLA,2019-11-05 10:47:28.107,3.3668529,-76.5302036,0.0
M-I-AM-05NOV19-CLA,2019-11-05 10:47:29.106,3.3668379,-76.5302219,0.0
M-I-AM-05NOV19-CLA,2019-11-05 10:47:30.103,3.3668409,-76.5302251,0.0
M-I-AM-05NOV19-CLA,2019-11-05 10:47:31.114,3.3668757000000005,-76.53023470000001,1.0
M-I-AM-05NOV19-CLA,2019-11-05 10:47:32.106,3.3668757000000005,-76.53023470000001,1.0
M-I-AM-05NOV19-CLA,2019-11-05 10:47:33.105,3.3668992999999996,-76.5302401,1.0
M-I-AM-05NOV19-CLA,2019-11-05 10:47:34.112,3.3669187999999997,-76.53024520000001,1.0
M-I-AM-05NOV19-CLA,2019-11-05 10:47:35.350,3.3669298999999997,-76.53024920000001,0.0
M-I-AM-05NOV19-CLA,2019-11-05 10:47:36.103,3.3669298999999997,-76.53024920000001,0.0
M-I-AM-05NOV19-CLA,2019-11-05 10:47:37.106,3.3669298999999997,-76.53024920000001,1.0
M-I-AM-05NOV19-CLA,2019-11-05 10:47:38.106,3.3669407999999996,-76.5302539,1.0
M-I-AM-05NOV19-CLA,2019-11-05 10:47:39.102,3.3669317000000003,-76.53025229999999,1.0
M-I-AM-05NOV19-CLA,2019-11-05 10:47:40.106,3.3669235,-76.5302505,1.0
M-I-AM-05NOV19-CLA,2019-11-05 10:47:41.106,3.3669222000000003,-76.53025,1.0
M-I-AM-05NOV19-CLA,2019-11-05 10:47:42.104,3.3669230000000003,-76.5302495,1.0
M-I-AM-05NOV19-CLA,2019-11-05 10:47:43.112,3.3669230000000003,-76.5302495,0.0
M-I-AM-05NOV19-CLA,2019-11-05 10:47:44.106,3.3669246,-76.5302487,0.0
M-I-AM-05NOV19-CLA,2019-11-05 10:47:45.103,3.3669246,-76.5302487,0.0
M-I-AM-05NOV19-CLA,2019-11-05 10:47:46.351,3.3669133999999996,-76.5302439,1.0
M-I-AM-05NOV19-CLA,2019-11-05 10:47:47.107,3.3669133999999996,-76.5302439,1.0
M-I-AM-05NOV19-CLA,2019-11-05 10:47:48.102,3.3669135999999997,-76.5302437,1.0
M-I-AM-05NOV19-CLA,2019-11-05 10:47:49.354,3.366908,-76.53024079999999,1.0
M-I-AM-05NOV19-CLA,2019-11-05 10:47:50.106,3.366908,-76.53024079999999,1.0
M-I-AM-05NOV19-CLA,2019-11-05 10:47:51.101,3.3669010000000004,-76.5302401,1.0
M-I-AM-05NOV19-CLA,2019-11-05 10:47:52.351,3.3668586000000005,-76.5302402,1.0
M-I-AM-05NOV19-CLA,2019-11-05 10:47:53.111,3.3668586000000005,-76.5302402,1.0
M-I-AM-05NOV19-CLA,2019-11-05 10:47:54.102,3.3668328,-76.5302413,1.0
M-I-AM-05NOV19-CLA,2019-11-05 10:47:55.107,3.3668328,-76.5302413,1.0
M-I-AM-05NOV19-CLA,2019-11-05 10:47:56.107,3.3667856,-76.5302596,0.0
M-I-AM-05NOV19-CLA,2019-11-05 10:47:57.108,3.3667856,-76.5302596,0.0
M-I-AM-05NOV19-CLA,2019-11-05 10:47:58.106,3.3667553999999997,-76.5302844,1.0
M-I-AM-05NOV19-CLA,2019-11-05 10:47:59.112,3.3667437999999996,-76.5302932,1.0
M-I-AM-05NOV19-CLA,2019-11-05 10:48:00.101,3.3667373999999994,-76.5302984,1.0
M-I-AM-05NOV19-CLA,2019-11-05 10:48:01.106,3.3667362,-76.5303032,0.0
M-I-AM-05NOV19-CLA,2019-11-05 10:48:02.106,3.3667362,-76.5303032,0.0
M-I-AM-05NOV19-CLA,2019-11-05 10:48:03.101,3.3667392,-76.5303071,0.0
M-I-AM-05NOV19-CLA,2019-11-05 10:48:04.108,3.3667352999999998,-76.53031109999999,0.0
M-I-AM-05NOV19-CLA,2019-11-05 10:48:05.107,3.3667312000000007,-76.5303137,0.0
M-I-AM-05NOV19-CLA,2019-11-05 10:48:06.107,3.3667267999999995,-76.5303167,0.0
M-I-AM-05NOV19-CLA,2019-11-05 10:48:07.106,3.3667267999999995,-76.5303167,0.0
M-I-AM-05NOV19-CLA,2019-11-05 10:48:08.106,3.3667231,-76.5303191,0.0
M-I-AM-05NOV19-CLA,2019-11-05 10:48:09.101,3.3667231,-76.5303191,0.0
M-I-AM-05NOV19-CLA,2019-11-05 10:48:10.106,3.3667201,-76.5303212,0.0
M-I-AM-05NOV19-CLA,2019-11-05 10:48:11.106,3.3667175000000005,-76.5303228,0.0
M-I-AM-05NOV19-CLA,2019-11-05 10:48:12.107,3.3667154000000004,-76.5303248,0.0
M-I-AM-05NOV19-CLA,2019-11-05 10:48:13.106,3.3667154000000004,-76.5303248,0.0
M-I-AM-05NOV19-CLA,2019-11-05 10:48:14.111,3.3667144999999996,-76.5303264,0.0
M-I-AM-05NOV19-CLA,2019-11-05 10:48:15.352,3.3667184999999997,-76.5303248,0.0
M-I-AM-05NOV19-CLA,2019-11-05 10:48:16.110,3.3667184999999997,-76.5303248,0.0
M-I-AM-05NOV19-CLA,2019-11-05 10:48:17.103,3.3667207,-76.530324,0.0
M-I-AM-05NOV19-CLA,2019-11-05 10:48:18.106,3.3667227999999993,-76.5303229,0.0
M-I-AM-05NOV19-CLA,2019-11-05 10:48:19.351,3.3667212999999996,-76.5303275,0.0
M-I-AM-05NOV19-CLA,2019-11-05 10:48:20.102,3.3667212999999996,-76.5303275,0.0
M-I-AM-05NOV19-CLA,2019-11-05 10:48:21.104,3.3667191,-76.53032950000001,0.0
M-I-AM-05NOV19-CLA,2019-11-05 10:48:22.106,3.3667209000000002,-76.5303266,0.0
M-I-AM-05NOV19-CLA,2019-11-05 10:48:23.102,3.3667229,-76.5303229,0.0
M-I-AM-05NOV19-CLA,2019-11-05 10:48:24.105,3.3667203000000003,-76.5303194,1.0
M-I-AM-05NOV19-CLA,2019-11-05 10:48:25.107,3.3667203000000003,-76.5303194,1.0
M-I-AM-05NOV19-CLA,2019-11-05 10:48:26.103,3.3666905,-76.5303248,1.0
M-I-AM-05NOV19-CLA,2019-11-05 10:48:27.107,3.3666663999999997,-76.53032840000002,0.0
M-I-AM-05NOV19-CLA,2019-11-05 10:48:28.106,3.3666385,-76.5303316,0.0
M-I-AM-05NOV19-CLA,2019-11-05 10:48:29.104,3.3666087,-76.5303345,0.0
M-I-AM-05NOV19-CLA,2019-11-05 10:48:30.351,3.3665775,-76.5303386,0.0
M-I-AM-05NOV19-CLA,2019-11-05 10:48:31.110,3.3665775,-76.5303386,0.0
M-I-AM-05NOV19-CLA,2019-11-05 10:48:32.102,3.3665198,-76.5303468,0.0
M-I-AM-05NOV19-CLA,2019-11-05 10:48:33.350,3.3664623,-76.5303606,0.0
M-I-AM-05NOV19-CLA,2019-11-05 10:48:34.107,3.3664345,-76.5303703,0.0
M-I-AM-05NOV19-CLA,2019-11-05 10:48:35.106,3.3664345,-76.5303703,0.0
M-I-AM-05NOV19-CLA,2019-11-05 10:48:36.107,3.3663735,-76.5303995,0.0
M-I-AM-05NOV19-CLA,2019-11-05 10:48:37.112,3.3663735,-76.5303995,0.0
M-I-AM-05NOV19-CLA,2019-11-05 10:48:38.105,3.3663385000000003,-76.53041850000001,0.0
M-I-AM-05NOV19-CLA,2019-11-05 10:48:39.111,3.3662667,-76.5304611,0.0
M-I-AM-05NOV19-CLA,2019-11-05 10:48:40.108,3.3662667,-76.5304611,0.0
M-I-AM-05NOV19-CLA,2019-11-05 10:48:41.105,3.366223,-76.530488,0.0
M-I-AM-05NOV19-CLA,2019-11-05 10:48:42.114,3.3661717,-76.5305188,0.0
M-I-AM-05NOV19-CLA,2019-11-05 10:48:43.106,3.3661717,-76.5305188,0.0
M-I-AM-05NOV19-CLA,2019-11-05 10:48:44.102,3.3661470999999996,-76.5305375,0.0
M-I-AM-05NOV19-CLA,2019-11-05 10:48:45.108,3.3661358999999997,-76.5305488,0.0
M-I-AM-05NOV19-CLA,2019-11-05 10:48:46.104,3.3661358999999997,-76.5305488,0.0
M-I-AM-05NOV19-CLA,2019-11-05 10:48:47.103,3.3661193999999997,-76.5305676,1.0
M-I-AM-05NOV19-CLA,2019-11-05 10:48:48.104,3.3661071000000002,-76.530579,1.0
M-I-AM-05NOV19-CLA,2019-11-05 10:48:49.351,3.3660745000000003,-76.5306027,1.0
M-I-AM-05NOV19-CLA,2019-11-05 10:48:50.101,3.3660745000000003,-76.5306027,1.0
M-I-AM-05NOV19-CLA,2019-11-05 10:48:51.105,3.3660422,-76.53062440000001,1.0
M-I-AM-05NOV19-CLA,2019-11-05 10:48:52.106,3.3660124,-76.5306432,1.0
M-I-AM-05NOV19-CLA,2019-11-05 10:48:53.102,3.3659793,-76.53066379999999,1.0
M-I-AM-05NOV19-CLA,2019-11-05 10:48:54.105,3.3659461999999998,-76.5306825,1.0
M-I-AM-05NOV19-CLA,2019-11-05 10:48:55.104,3.3659461999999998,-76.5306825,1.0
M-I-AM-05NOV19-CLA,2019-11-05 10:48:56.103,3.3658827000000007,-76.53071920000001,1.0
M-I-AM-05NOV19-CLA,2019-11-05 10:48:57.112,3.3658502999999995,-76.5307329,1.0
M-I-AM-05NOV19-CLA,2019-11-05 10:48:58.104,3.3658207,-76.530745,1.0
M-I-AM-05NOV19-CLA,2019-11-05 10:48:59.103,3.3657928999999998,-76.53075679999999,1.0
M-I-AM-05NOV19-CLA,2019-11-05 10:49:00.105,3.3657677,-76.53076899999999,1.0
M-I-AM-05NOV19-CLA,2019-11-05 10:49:01.350,3.3657367999999996,-76.5307881,1.0
M-I-AM-05NOV19-CLA,2019-11-05 10:49:02.104,3.3657367999999996,-76.5307881,1.0
M-I-AM-05NOV19-CLA,2019-11-05 10:49:03.105,3.3657154,-76.53080200000001,1.0
M-I-AM-05NOV19-CLA,2019-11-05 10:49:04.348,3.3657065000000004,-76.53080729999999,1.0
M-I-AM-05NOV19-CLA,2019-11-05 10:49:05.104,3.3656965,-76.5308113,1.0
M-I-AM-05NOV19-CLA,2019-11-05 10:49:06.111,3.3656965,-76.5308113,0.0
M-I-AM-05NOV19-CLA,2019-11-05 10:49:07.117,3.3656965,-76.5308113,0.0
M-I-AM-05NOV19-CLA,2019-11-05 10:49:08.102,3.3656737999999997,-76.5308217,0.0
M-I-AM-05NOV19-CLA,2019-11-05 10:49:09.110,3.3656629000000002,-76.53082679999999,0.0
M-I-AM-05NOV19-CLA,2019-11-05 10:49:10.107,3.3656502,-76.5308297,0.0
M-I-AM-05NOV19-CLA,2019-11-05 10:49:11.101,3.3656502,-76.5308297,1.0
M-I-AM-05NOV19-CLA,2019-11-05 10:49:12.104,3.3656351000000004,-76.53083790000001,1.0
M-I-AM-05NOV19-CLA,2019-11-05 10:49:13.105,3.3656312999999995,-76.53084609999999,0.0
M-I-AM-05NOV19-CLA,2019-11-05 10:49:14.102,3.365629,-76.5308509,0.0
M-I-AM-05NOV19-CLA,2019-11-05 10:49:15.104,3.365629,-76.5308509,1.0
M-I-AM-05NOV19-CLA,2019-11-05 10:49:16.105,3.3656281000000003,-76.5308537,1.0
M-I-AM-05NOV19-CLA,2019-11-05 10:49:17.101,3.3656305,-76.53085820000001,1.0
M-I-AM-05NOV19-CLA,2019-11-05 10:49:18.349,3.3656305,-76.53085820000001,1.0
M-I-AM-05NOV19-CLA,2019-11-05 10:49:19.105,3.3656305,-76.53085820000001,0.0
M-I-AM-05NOV19-CLA,2019-11-05 10:49:20.101,3.3656330000000003,-76.5308623,0.0
M-I-AM-05NOV19-CLA,2019-11-05 10:49:21.349,3.3656306000000002,-76.53087109999998,0.0
M-I-AM-05NOV19-CLA,2019-11-05 10:49:22.104,3.3656306000000002,-76.53087109999998,1.0
M-I-AM-05NOV19-CLA,2019-11-05 10:49:23.100,3.3656272000000005,-76.53087640000001,1.0
M-I-AM-05NOV19-CLA,2019-11-05 10:49:24.349,3.3656258,-76.5308792,1.0
M-I-AM-05NOV19-CLA,2019-11-05 10:49:25.104,3.3656258,-76.5308792,1.0
M-I-AM-05NOV19-CLA,2019-11-05 10:49:26.101,3.3656254,-76.5308827,1.0
M-I-AM-05NOV19-CLA,2019-11-05 10:49:27.104,3.3656276,-76.53088199999999,1.0
M-I-AM-05NOV19-CLA,2019-11-05 10:49:28.104,3.3656292000000003,-76.5308819,1.0
M-I-AM-05NOV19-CLA,2019-11-05 10:49:29.101,3.3656308,-76.5308819,1.0
M-I-AM-05NOV19-CLA,2019-11-05 10:49:30.104,3.3656324,-76.5308818,1.0
M-I-AM-05NOV19-CLA,2019-11-05 10:49:31.104,3.3656356,-76.53088100000001,1.0
M-I-AM-05NOV19-CLA,2019-11-05 10:49:32.102,3.3656356,-76.53088100000001,0.0
M-I-AM-05NOV19-CLA,2019-11-05 10:49:33.104,3.3656388999999995,-76.5308797,0.0
M-I-AM-05NOV19-CLA,2019-11-05 10:49:34.104,3.3656388999999995,-76.5308797,0.0
M-I-AM-05NOV19-CLA,2019-11-05 10:49:35.101,3.3656407999999995,-76.5308784,0.0
M-I-AM-05NOV19-CLA,2019-11-05 10:49:36.104,3.3656407999999995,-76.5308784,0.0
M-I-AM-05NOV19-CLA,2019-11-05 10:49:37.108,3.3656377,-76.53088149999999,0.0
M-I-AM-05NOV19-CLA,2019-11-05 10:49:38.102,3.3656377,-76.53088149999999,0.0
M-I-AM-05NOV19-CLA,2019-11-05 10:49:39.105,3.3656347,-76.5308824,0.0
M-I-AM-05NOV19-CLA,2019-11-05 10:49:40.105,3.3656347,-76.5308824,0.0
M-I-AM-05NOV19-CLA,2019-11-05 10:49:41.101,3.3656337,-76.53087990000002,0.0
M-I-AM-05NOV19-CLA,2019-11-05 10:49:42.104,3.3656337,-76.53087990000002,0.0
M-I-AM-05NOV19-CLA,2019-11-05 10:49:43.104,3.3656341,-76.5308781,0.0
M-I-AM-05NOV19-CLA,2019-11-05 10:49:44.101,3.3656325,-76.5308747,0.0
M-I-AM-05NOV19-CLA,2019-11-05 10:49:45.104,3.3656314,-76.5308734,0.0
M-I-AM-05NOV19-CLA,2019-11-05 10:49:46.106,3.3656307,-76.5308726,0.0
M-I-AM-05NOV19-CLA,2019-11-05 10:49:47.101,3.3656289,-76.5308721,0.0
M-I-AM-05NOV19-CLA,2019-11-05 10:49:48.350,3.3656241999999996,-76.53087740000001,0.0
M-I-AM-05NOV19-CLA,2019-11-05 10:49:49.104,3.3656241999999996,-76.53087740000001,0.0
M-I-AM-05NOV19-CLA,2019-11-05 10:49:50.101,3.3656186000000003,-76.5308843,0.0
M-I-AM-05NOV19-CLA,2019-11-05 10:49:51.104,3.3656099000000004,-76.5308893,0.0
M-I-AM-05NOV19-CLA,2019-11-05 10:49:52.104,3.3655953999999997,-76.53089759999999,0.0
M-I-AM-05NOV19-CLA,2019-11-05 10:49:53.101,3.3655788999999996,-76.530907,0.0
M-I-AM-05NOV19-CLA,2019-11-05 10:49:54.104,3.3655614000000003,-76.5309172,0.0
M-I-AM-05NOV19-CLA,2019-11-05 10:49:55.105,3.3655614000000003,-76.5309172,0.0
M-I-AM-05NOV19-CLA,2019-11-05 10:49:56.101,3.3655277000000003,-76.53094,0.0
M-I-AM-05NOV19-CLA,2019-11-05 10:49:57.108,3.3655065000000004,-76.5309554,0.0
M-I-AM-05NOV19-CLA,2019-11-05 10:49:58.104,3.3654928999999996,-76.5309686,0.0
M-I-AM-05NOV19-CLA,2019-11-05 10:49:59.101,3.3654858,-76.53097609999999,0.0
M-I-AM-05NOV19-CLA,2019-11-05 10:50:00.111,3.365479,-76.53098349999999,0.0
M-I-AM-05NOV19-CLA,2019-11-05 10:50:01.110,3.365479,-76.53098349999999,0.0
M-I-AM-05NOV19-CLA,2019-11-05 10:50:02.117,3.3654763,-76.53098940000001,0.0
M-I-AM-05NOV19-CLA,2019-11-05 10:50:03.106,3.3654702000000003,-76.53099470000001,0.0
M-I-AM-05NOV19-CLA,2019-11-05 10:50:04.113,3.3654672,-76.5309977,0.0
M-I-AM-05NOV19-CLA,2019-11-05 10:50:05.107,3.3654672,-76.5309977,0.0
M-I-AM-05NOV19-CLA,2019-11-05 10:50:06.106,3.3654672,-76.5309977,0.0
M-I-AM-05NOV19-CLA,2019-11-05 10:50:07.104,3.3654645,-76.5310011,0.0
M-I-AM-05NOV19-CLA,2019-11-05 10:50:08.103,3.3654693,-76.53099990000001,0.0
M-I-AM-05NOV19-CLA,2019-11-05 10:50:09.104,3.3654693,-76.53099990000001,0.0
M-I-AM-05NOV19-CLA,2019-11-05 10:50:10.104,3.365472,-76.53099959999999,0.0
M-I-AM-05NOV19-CLA,2019-11-05 10:50:11.103,3.365472,-76.53099959999999,0.0
M-I-AM-05NOV19-CLA,2019-11-05 10:50:12.105,3.3654742,-76.5310003,0.0
M-I-AM-05NOV19-CLA,2019-11-05 10:50:13.105,3.3654742,-76.5310003,0.0
M-I-AM-05NOV19-CLA,2019-11-05 10:50:14.100,3.3654747000000005,-76.5310012,0.0
M-I-AM-05NOV19-CLA,2019-11-05 10:50:15.104,3.3654758,-76.5310029,0.0
M-I-AM-05NOV19-CLA,2019-11-05 10:50:16.104,3.3654763,-76.5310042,0.0
M-I-AM-05NOV19-CLA,2019-11-05 10:50:17.101,3.3654767,-76.53100570000001,0.0
M-I-AM-05NOV19-CLA,2019-11-05 10:50:18.104,3.3654771,-76.5310076,0.0
M-I-AM-05NOV19-CLA,2019-11-05 10:50:19.104,3.3654771,-76.5310076,0.0
M-I-AM-05NOV19-CLA,2019-11-05 10:50:20.100,3.3654781000000002,-76.531013,0.0
M-I-AM-05NOV19-CLA,2019-11-05 10:50:21.104,3.3654787000000006,-76.5310161,0.0
M-I-AM-05NOV19-CLA,2019-11-05 10:50:22.105,3.3654788,-76.5310202,0.0
M-I-AM-05NOV19-CLA,2019-11-05 10:50:23.101,3.3654796,-76.53102990000001,0.0
M-I-AM-05NOV19-CLA,2019-11-05 10:50:24.104,3.3654705999999996,-76.531037,0.0
M-I-AM-05NOV19-CLA,2019-11-05 10:50:25.104,3.3654705999999996,-76.531037,0.0
M-I-AM-05NOV19-CLA,2019-11-05 10:50:26.100,3.3654142,-76.53104870000001,0.0
M-I-AM-05NOV19-CLA,2019-11-05 10:50:27.104,3.3653776,-76.5310551,0.0
M-I-AM-05NOV19-CLA,2019-11-05 10:50:28.104,3.3653491,-76.531061,0.0
M-I-AM-05NOV19-CLA,2019-11-05 10:50:29.100,3.3653296000000004,-76.5310676,0.0
M-I-AM-05NOV19-CLA,2019-11-05 10:50:30.104,3.3653205,-76.5310723,0.0
M-I-AM-05NOV19-CLA,2019-11-05 10:50:31.111,3.3653239,-76.53107159999999,0.0
M-I-AM-05NOV19-CLA,2019-11-05 10:50:32.100,3.3653239,-76.53107159999999,0.0
M-I-AM-05NOV19-CLA,2019-11-05 10:50:33.105,3.3653274,-76.5310704,0.0
M-I-AM-05NOV19-CLA,2019-11-05 10:50:34.105,3.3653336000000005,-76.53107209999999,0.0
M-I-AM-05NOV19-CLA,2019-11-05 10:50:35.101,3.3653309,-76.53107800000001,0.0
M-I-AM-05NOV19-CLA,2019-11-05 10:50:36.105,3.3653279,-76.53108329999999,0.0
M-I-AM-05NOV19-CLA,2019-11-05 10:50:37.108,3.3653258000000004,-76.53108879999999,0.0
M-I-AM-05NOV19-CLA,2019-11-05 10:50:38.101,3.3653258000000004,-76.53108879999999,0.0
M-I-AM-05NOV19-CLA,2019-11-05 10:50:39.104,3.3652997000000004,-76.53112220000001,0.0
M-I-AM-05NOV19-CLA,2019-11-05 10:50:40.106,3.3652997000000004,-76.53112220000001,0.0
M-I-AM-05NOV19-CLA,2019-11-05 10:50:41.101,3.3652495000000004,-76.53118,0.0
M-I-AM-05NOV19-CLA,2019-11-05 10:50:42.105,3.3652192000000003,-76.5312106,0.0
M-I-AM-05NOV19-CLA,2019-11-05 10:50:43.104,3.3652192000000003,-76.5312106,0.0
M-I-AM-05NOV19-CLA,2019-11-05 10:50:44.101,3.3651863,-76.53124050000001,0.0
M-I-AM-05NOV19-CLA,2019-11-05 10:50:45.104,3.365156,-76.5312673,0.0
M-I-AM-05NOV19-CLA,2019-11-05 10:50:46.104,3.3651259,-76.53129399999999,0.0
M-I-AM-05NOV19-CLA,2019-11-05 10:50:47.101,3.3650957000000004,-76.5313196,0.0
M-I-AM-05NOV19-CLA,2019-11-05 10:50:48.104,3.3650671,-76.5313439,0.0
M-I-AM-05NOV19-CLA,2019-11-05 10:50:49.104,3.3650671,-76.5313439,0.0
M-I-AM-05NOV19-CLA,2019-11-05 10:50:50.100,3.3650179,-76.53138790000001,0.0
M-I-AM-05NOV19-CLA,2019-11-05 10:50:51.104,3.3649921000000003,-76.5314081,0.0
M-I-AM-05NOV19-CLA,2019-11-05 10:50:52.104,3.3649648,-76.53142729999999,0.0
M-I-AM-05NOV19-CLA,2019-11-05 10:50:53.101,3.364935,-76.5314463,0.0
M-I-AM-05NOV19-CLA,2019-11-05 10:50:54.104,3.3648995000000004,-76.53146540000002,0.0
M-I-AM-05NOV19-CLA,2019-11-05 10:50:55.104,3.3648995000000004,-76.53146540000002,0.0
M-I-AM-05NOV19-CLA,2019-11-05 10:50:56.101,3.3648203000000003,-76.5315043,0.0
M-I-AM-05NOV19-CLA,2019-11-05 10:50:57.104,3.3647731,-76.5315219,0.0
M-I-AM-05NOV19-CLA,2019-11-05 10:50:58.105,3.3647247000000005,-76.53153940000001,0.0
M-I-AM-05NOV19-CLA,2019-11-05 10:50:59.100,3.3646768,-76.5315573,0.0
M-I-AM-05NOV19-CLA,2019-11-05 10:51:00.104,3.3646316,-76.53157579999998,0.0
M-I-AM-05NOV19-CLA,2019-11-05 10:51:01.104,3.3645758000000003,-76.53161340000001,0.0
M-I-AM-05NOV19-CLA,2019-11-05 10:51:02.101,3.3645758000000003,-76.53161340000001,0.0
M-I-AM-05NOV19-CLA,2019-11-05 10:51:03.349,3.3645758000000003,-76.53161340000001,0.0
M-I-AM-05NOV19-CLA,2019-11-05 10:51:04.104,3.3645534,-76.53162629999999,0.0
M-I-AM-05NOV19-CLA,2019-11-05 10:51:05.101,3.3645357000000002,-76.5316338,0.0
M-I-AM-05NOV19-CLA,2019-11-05 10:51:06.105,3.3645357000000002,-76.5316338,0.0
M-I-AM-05NOV19-CLA,2019-11-05 10:51:07.104,3.3645172,-76.53163959999999,0.0
M-I-AM-05NOV19-CLA,2019-11-05 10:51:08.101,3.3644682,-76.5316588,0.0
M-I-AM-05NOV19-CLA,2019-11-05 10:51:09.104,3.3644682,-76.5316588,0.0
M-I-AM-05NOV19-CLA,2019-11-05 10:51:10.104,3.3644220999999996,-76.531684,0.0
M-I-AM-05NOV19-CLA,2019-11-05 10:51:11.101,3.3644052,-76.5316973,0.0
M-I-AM-05NOV19-CLA,2019-11-05 10:51:12.105,3.3644052,-76.5316973,0.0
M-I-AM-05NOV19-CLA,2019-11-05 10:51:13.104,3.3643913999999997,-76.5317112,0.0
M-I-AM-05NOV19-CLA,2019-11-05 10:51:14.100,3.3643836000000005,-76.5317228,0.0
M-I-AM-05NOV19-CLA,2019-11-05 10:51:15.104,3.3643843,-76.53172509999999,0.0
M-I-AM-05NOV19-CLA,2019-11-05 10:51:16.105,3.3643853999999997,-76.5317275,0.0
M-I-AM-05NOV19-CLA,2019-11-05 10:51:17.100,3.3643867,-76.5317302,0.0
M-I-AM-05NOV19-CLA,2019-11-05 10:51:18.104,3.3643876000000006,-76.53173290000001,0.0
M-I-AM-05NOV19-CLA,2019-11-05 10:51:19.104,3.3643876000000006,-76.53173290000001,0.0
M-I-AM-05NOV19-CLA,2019-11-05 10:51:20.101,3.3643898,-76.53173690000001,0.0
M-I-AM-05NOV19-CLA,2019-11-05 10:51:21.104,3.3643913,-76.53173819999999,0.0
M-I-AM-05NOV19-CLA,2019-11-05 10:51:22.104,3.364393,-76.5317386,0.0
M-I-AM-05NOV19-CLA,2019-11-05 10:51:23.101,3.3643949999999996,-76.5317385,0.0
M-I-AM-05NOV19-CLA,2019-11-05 10:51:24.104,3.3643968,-76.531738,0.0
M-I-AM-05NOV19-CLA,2019-11-05 10:51:25.105,3.3643968,-76.531738,0.0
M-I-AM-05NOV19-CLA,2019-11-05 10:51:26.101,3.3644003,-76.53173659999999,0.0
M-I-AM-05NOV19-CLA,2019-11-05 10:51:27.104,3.3644021,-76.53173570000001,0.0
M-I-AM-05NOV19-CLA,2019-11-05 10:51:28.104,3.3644038,-76.53173509999999,0.0
M-I-AM-05NOV19-CLA,2019-11-05 10:51:29.101,3.364405,-76.5317341,0.0
M-I-AM-05NOV19-CLA,2019-11-05 10:51:30.104,3.3644057000000003,-76.5317332,0.0
M-I-AM-05NOV19-CLA,2019-11-05 10:51:31.104,3.3644057000000003,-76.5317332,0.0
M-I-AM-05NOV19-CLA,2019-11-05 10:51:32.101,3.3643965,-76.531738,0.0
M-I-AM-05NOV19-CLA,2019-11-05 10:51:33.108,3.3643965,-76.531738,0.0
M-I-AM-05NOV19-CLA,2019-11-05 10:51:34.105,3.3643845000000003,-76.53173740000001,0.0
M-I-AM-05NOV19-CLA,2019-11-05 10:51:35.101,3.3643711000000005,-76.5317363,0.0
M-I-AM-05NOV19-CLA,2019-11-05 10:51:36.105,3.3643561,-76.531754,0.0
M-I-AM-05NOV19-CLA,2019-11-05 10:51:37.104,3.3643561,-76.531754,0.0
M-I-AM-05NOV19-CLA,2019-11-05 10:51:38.101,3.3643332999999997,-76.5317851,0.0
M-I-AM-05NOV19-CLA,2019-11-05 10:51:39.105,3.3643332999999997,-76.5317851,0.0
M-I-AM-05NOV19-CLA,2019-11-05 10:51:40.105,3.3642719,-76.5318742,0.0
M-I-AM-05NOV19-CLA,2019-11-05 10:51:41.112,3.3642102999999994,-76.53195840000001,0.0
M-I-AM-05NOV19-CLA,2019-11-05 10:51:42.104,3.3642102999999994,-76.53195840000001,0.0
M-I-AM-05NOV19-CLA,2019-11-05 10:51:43.106,3.3641836000000005,-76.5319925,0.0
M-I-AM-05NOV19-CLA,2019-11-05 10:51:44.101,3.3641592000000005,-76.532025,0.0
M-I-AM-05NOV19-CLA,2019-11-05 10:51:45.104,3.3641365,-76.5320512,0.0
M-I-AM-05NOV19-CLA,2019-11-05 10:51:46.104,3.364111,-76.5320734,0.0
M-I-AM-05NOV19-CLA,2019-11-05 10:51:47.101,3.364111,-76.5320734,0.0
M-I-AM-05NOV19-CLA,2019-11-05 10:51:48.105,3.3640467000000003,-76.5320884,0.0
M-I-AM-05NOV19-CLA,2019-11-05 10:51:49.104,3.3640467000000003,-76.5320884,0.0
M-I-AM-05NOV19-CLA,2019-11-05 10:51:50.101,3.3639597,-76.5320711,0.0
M-I-AM-05NOV19-CLA,2019-11-05 10:51:51.104,3.3638974000000004,-76.532053,0.0
M-I-AM-05NOV19-CLA,2019-11-05 10:51:52.104,3.3638193,-76.5320321,0.0
M-I-AM-05NOV19-CLA,2019-11-05 10:51:53.101,3.3638193,-76.5320321,0.0
M-I-AM-05NOV19-CLA,2019-11-05 10:51:54.104,3.3636337,-76.5319662,0.0
M-I-AM-05NOV19-CLA,2019-11-05 10:51:55.104,3.3635336000000002,-76.5319262,0.0
M-I-AM-05NOV19-CLA,2019-11-05 10:51:56.101,3.3634171000000004,-76.5318792,0.0
M-I-AM-05NOV19-CLA,2019-11-05 10:51:57.104,3.3633153,-76.5318329,0.0
M-I-AM-05NOV19-CLA,2019-11-05 10:51:58.104,3.3632150000000003,-76.5317865,0.0
M-I-AM-05NOV19-CLA,2019-11-05 10:51:59.100,3.3631138,-76.5317416,0.0
M-I-AM-05NOV19-CLA,2019-11-05 10:52:00.104,3.3630150000000003,-76.5316983,0.0
M-I-AM-05NOV19-CLA,2019-11-05 10:52:01.104,3.3630150000000003,-76.5316983,0.0
M-I-AM-05NOV19-CLA,2019-11-05 10:52:02.102,3.3628221,-76.5316305,0.0
M-I-AM-05NOV19-CLA,2019-11-05 10:52:03.105,3.3628221,-76.5316305,0.0
M-I-AM-05NOV19-CLA,2019-11-05 10:52:04.104,3.3626324,-76.5315688,0.0
M-I-AM-05NOV19-CLA,2019-11-05 10:52:05.100,3.3625434999999997,-76.5315344,0.0
M-I-AM-05NOV19-CLA,2019-11-05 10:52:06.104,3.3624321000000004,-76.5314911,0.0
M-I-AM-05NOV19-CLA,2019-11-05 10:52:07.104,3.3623046999999997,-76.53143850000001,0.0
M-I-AM-05NOV19-CLA,2019-11-05 10:52:08.101,3.3623046999999997,-76.53143850000001,0.0
M-I-AM-05NOV19-CLA,2019-11-05 10:52:09.104,3.3622256,-76.53140090000001,0.0
M-I-AM-05NOV19-CLA,2019-11-05 10:52:10.106,3.3621557999999996,-76.5313657,0.0
M-I-AM-05NOV19-CLA,2019-11-05 10:52:11.108,3.3621557999999996,-76.5313657,0.0
M-I-AM-05NOV19-CLA,2019-11-05 10:52:12.107,3.3621265,-76.5313524,0.0
M-I-AM-05NOV19-CLA,2019-11-05 10:52:13.117,3.3621079,-76.5313448,0.0
M-I-AM-05NOV19-CLA,2019-11-05 10:52:14.103,3.3621079,-76.5313448,0.0
M-I-AM-05NOV19-CLA,2019-11-05 10:52:15.104,3.3620751,-76.5313132,0.0
M-I-AM-05NOV19-CLA,2019-11-05 10:52:16.104,3.3620751,-76.5313132,0.0
M-I-AM-05NOV19-CLA,2019-11-05 10:52:17.103,3.3620661,-76.5312995,0.0
M-I-AM-05NOV19-CLA,2019-11-05 10:52:18.106,3.3620669999999997,-76.531297,0.0
M-I-AM-05NOV19-CLA,2019-11-05 10:52:19.110,3.3620669999999997,-76.531297,1.0
M-I-AM-05NOV19-CLA,2019-11-05 10:52:20.101,3.3620678,-76.53129820000001,0.0
M-I-AM-05NOV19-CLA,2019-11-05 10:52:21.106,3.3620655,-76.53129940000001,0.0
M-I-AM-05NOV19-CLA,2019-11-05 10:52:22.106,3.3620607000000002,-76.53129969999999,0.0
M-I-AM-05NOV19-CLA,2019-11-05 10:52:23.107,3.3620607000000002,-76.53129969999999,0.0
M-I-AM-05NOV19-CLA,2019-11-05 10:52:24.106,3.3620535000000005,-76.53130959999999,0.0
M-I-AM-05NOV19-CLA,2019-11-05 10:52:25.104,3.362047,-76.5313147,0.0
M-I-AM-05NOV19-CLA,2019-11-05 10:52:26.101,3.3620317,-76.5313179,0.0
M-I-AM-05NOV19-CLA,2019-11-05 10:52:27.105,3.3620143,-76.5313231,0.0
M-I-AM-05NOV19-CLA,2019-11-05 10:52:28.105,3.3619934000000002,-76.53133100000001,0.0
M-I-AM-05NOV19-CLA,2019-11-05 10:52:29.101,3.3619687000000007,-76.5313457,0.0
M-I-AM-05NOV19-CLA,2019-11-05 10:52:30.105,3.3619421000000003,-76.5313624,0.0
M-I-AM-05NOV19-CLA,2019-11-05 10:52:31.106,3.3619421000000003,-76.5313624,0.0
M-I-AM-05NOV19-CLA,2019-11-05 10:52:32.101,3.3618959999999998,-76.5313972,0.0
M-I-AM-05NOV19-CLA,2019-11-05 10:52:33.110,3.3618614,-76.53141219999999,1.0
M-I-AM-05NOV19-CLA,2019-11-05 10:52:34.106,3.3618614,-76.53141219999999,1.0
M-I-AM-05NOV19-CLA,2019-11-05 10:52:35.102,3.3618614,-76.53141219999999,1.0
M-I-AM-05NOV19-CLA,2019-11-05 10:52:36.105,3.3618396,-76.531403,1.0
M-I-AM-05NOV19-CLA,2019-11-05 10:52:37.105,3.3618201,-76.5314132,0.0
M-I-AM-05NOV19-CLA,2019-11-05 10:52:38.102,3.3618201,-76.5314132,0.0
M-I-AM-05NOV19-CLA,2019-11-05 10:52:39.108,3.3617527000000003,-76.5314171,0.0
M-I-AM-05NOV19-CLA,2019-11-05 10:52:40.105,3.3616489,-76.5313922,0.0
M-I-AM-05NOV19-CLA,2019-11-05 10:52:41.102,3.3615991999999997,-76.5313732,0.0
M-I-AM-05NOV19-CLA,2019-11-05 10:52:42.106,3.3615991999999997,-76.5313732,0.0
M-I-AM-05NOV19-CLA,2019-11-05 10:52:43.105,3.3615991999999997,-76.5313732,0.0
M-I-AM-05NOV19-CLA,2019-11-05 10:52:44.101,3.3615068999999997,-76.53132240000001,0.0
M-I-AM-05NOV19-CLA,2019-11-05 10:52:45.105,3.3614797999999997,-76.5313055,0.0
M-I-AM-05NOV19-CLA,2019-11-05 10:52:46.105,3.3614892999999997,-76.531297,0.0
M-I-AM-05NOV19-CLA,2019-11-05 10:52:47.101,3.3614977999999995,-76.5312905,1.0
M-I-AM-05NOV19-CLA,2019-11-05 10:52:48.104,3.3615059,-76.531284,1.0
M-I-AM-05NOV19-CLA,2019-11-05 10:52:49.105,3.3615059,-76.531284,0.0
M-I-AM-05NOV19-CLA,2019-11-05 10:52:50.101,3.3614987999999997,-76.53127559999999,0.0
M-I-AM-05NOV19-CLA,2019-11-05 10:52:51.104,3.3614769,-76.5312679,0.0
M-I-AM-05NOV19-CLA,2019-11-05 10:52:52.106,3.3614477,-76.53125779999999,0.0
M-I-AM-05NOV19-CLA,2019-11-05 10:52:53.101,3.3614182,-76.53124770000001,0.0
M-I-AM-05NOV19-CLA,2019-11-05 10:52:54.104,3.3613897000000006,-76.53123769999999,0.0
M-I-AM-05NOV19-CLA,2019-11-05 10:52:55.105,3.3613897000000006,-76.53123769999999,0.0
M-I-AM-05NOV19-CLA,2019-11-05 10:52:56.101,3.3613425,-76.5312169,0.0
M-I-AM-05NOV19-CLA,2019-11-05 10:52:57.106,3.3613112000000003,-76.5312047,0.0
M-I-AM-05NOV19-CLA,2019-11-05 10:52:58.108,3.3612663,-76.53119090000001,0.0
M-I-AM-05NOV19-CLA,2019-11-05 10:52:59.101,3.3612091,-76.531171,0.0
M-I-AM-05NOV19-CLA,2019-11-05 10:53:00.104,3.361132,-76.53114479999999,0.0
M-I-AM-05NOV19-CLA,2019-11-05 10:53:01.106,3.361132,-76.53114479999999,0.0
M-I-AM-05NOV19-CLA,2019-11-05 10:53:02.103,3.3609586000000005,-76.5310973,0.0
M-I-AM-05NOV19-CLA,2019-11-05 10:53:03.106,3.3607336,-76.53105240000001,0.0
M-I-AM-05NOV19-CLA,2019-11-05 10:53:04.106,3.3607336,-76.53105240000001,0.0
M-I-AM-05NOV19-CLA,2019-11-05 10:53:05.102,3.3606144999999996,-76.5310205,1.0
M-I-AM-05NOV19-CLA,2019-11-05 10:53:06.105,3.3603592000000004,-76.53092170000001,1.0
M-I-AM-05NOV19-CLA,2019-11-05 10:53:07.106,3.3603592000000004,-76.53092170000001,1.0
M-I-AM-05NOV19-CLA,2019-11-05 10:53:08.101,3.3602209000000003,-76.5308667,1.0
M-I-AM-05NOV19-CLA,2019-11-05 10:53:09.104,3.3600502999999997,-76.53080279999999,1.0
M-I-AM-05NOV19-CLA,2019-11-05 10:53:10.104,3.3600502999999997,-76.53080279999999,1.0
M-I-AM-05NOV19-CLA,2019-11-05 10:53:11.102,3.3598037000000005,-76.5307155,1.0
M-I-AM-05NOV19-CLA,2019-11-05 10:53:12.105,3.3596396,-76.5306603,1.0
M-I-AM-05NOV19-CLA,2019-11-05 10:53:13.105,3.3594748999999995,-76.53062320000001,1.0
M-I-AM-05NOV19-CLA,2019-11-05 10:53:14.100,3.3592997,-76.53060740000001,1.0
M-I-AM-05NOV19-CLA,2019-11-05 10:53:15.104,3.3591286,-76.5305984,1.0
M-I-AM-05NOV19-CLA,2019-11-05 10:53:16.104,3.3589549,-76.53058670000001,1.0
M-I-AM-05NOV19-CLA,2019-11-05 10:53:17.100,3.3587763999999996,-76.5305689,1.0
M-I-AM-05NOV19-CLA,2019-11-05 10:53:18.104,3.3585966,-76.5305446,1.0
M-I-AM-05NOV19-CLA,2019-11-05 10:53:19.104,3.3585966,-76.5305446,1.0
M-I-AM-05NOV19-CLA,2019-11-05 10:53:20.101,3.3582584000000004,-76.5304957,1.0
M-I-AM-05NOV19-CLA,2019-11-05 10:53:21.104,3.3580817,-76.5304731,1.0
M-I-AM-05NOV19-CLA,2019-11-05 10:53:22.105,3.3579019999999997,-76.53044940000001,0.0
M-I-AM-05NOV19-CLA,2019-11-05 10:53:23.101,3.3577235,-76.53042590000001,0.0
M-I-AM-05NOV19-CLA,2019-11-05 10:53:24.104,3.3575447,-76.5304063,0.0
M-I-AM-05NOV19-CLA,2019-11-05 10:53:25.104,3.3575447,-76.5304063,0.0
M-I-AM-05NOV19-CLA,2019-11-05 10:53:26.101,3.3572078999999997,-76.5303785,1.0
M-I-AM-05NOV19-CLA,2019-11-05 10:53:27.104,3.3570355000000003,-76.53037059999998,1.0
M-I-AM-05NOV19-CLA,2019-11-05 10:53:28.104,3.3568597999999996,-76.5303684,0.0
M-I-AM-05NOV19-CLA,2019-11-05 10:53:29.101,3.3566858,-76.53037090000001,0.0
M-I-AM-05NOV19-CLA,2019-11-05 10:53:30.104,3.3565083,-76.5303782,0.0
M-I-AM-05NOV19-CLA,2019-11-05 10:53:31.104,3.3565083,-76.5303782,1.0
M-I-AM-05NOV19-CLA,2019-11-05 10:53:32.103,3.3561894,-76.5303953,1.0
M-I-AM-05NOV19-CLA,2019-11-05 10:53:33.105,3.3558573,-76.53041259999999,1.0
M-I-AM-05NOV19-CLA,2019-11-05 10:53:34.108,3.3558573,-76.53041259999999,1.0
M-I-AM-05NOV19-CLA,2019-11-05 10:53:35.101,3.3558573,-76.53041259999999,1.0
M-I-AM-05NOV19-CLA,2019-11-05 10:53:36.104,3.3555159,-76.530411,0.0
M-I-AM-05NOV19-CLA,2019-11-05 10:53:37.104,3.3553397000000005,-76.5304084,0.0
M-I-AM-05NOV19-CLA,2019-11-05 10:53:38.101,3.3551397000000005,-76.5304061,0.0
M-I-AM-05NOV19-CLA,2019-11-05 10:53:39.104,3.3549491999999996,-76.5304043,0.0
M-I-AM-05NOV19-CLA,2019-11-05 10:53:40.105,3.3547638999999996,-76.5304048,0.0
M-I-AM-05NOV19-CLA,2019-11-05 10:53:41.101,3.3545894,-76.5304054,0.0
M-I-AM-05NOV19-CLA,2019-11-05 10:53:42.104,3.3544199999999997,-76.5304058,0.0
M-I-AM-05NOV19-CLA,2019-11-05 10:53:43.104,3.3544199999999997,-76.5304058,0.0
M-I-AM-05NOV19-CLA,2019-11-05 10:53:44.101,3.3541285000000003,-76.53039840000001,0.0
M-I-AM-05NOV19-CLA,2019-11-05 10:53:45.104,3.3540001000000004,-76.5303858,0.0
M-I-AM-05NOV19-CLA,2019-11-05 10:53:46.104,3.353917,-76.5303714,0.0
M-I-AM-05NOV19-CLA,2019-11-05 10:53:47.100,3.3538405,-76.53036170000001,0.0
M-I-AM-05NOV19-CLA,2019-11-05 10:53:48.104,3.3537737,-76.53035609999999,0.0
M-I-AM-05NOV19-CLA,2019-11-05 10:53:49.105,3.3537737,-76.53035609999999,0.0
M-I-AM-05NOV19-CLA,2019-11-05 10:53:50.101,3.3536997000000004,-76.53036920000001,0.0
M-I-AM-05NOV19-CLA,2019-11-05 10:53:51.104,3.353674,-76.5303792,0.0
M-I-AM-05NOV19-CLA,2019-11-05 10:53:52.348,3.3536681000000006,-76.530399,0.0
M-I-AM-05NOV19-CLA,2019-11-05 10:53:53.101,3.3536681000000006,-76.530399,0.0
M-I-AM-05NOV19-CLA,2019-11-05 10:53:54.104,3.3536773999999996,-76.53040820000001,0.0
M-I-AM-05NOV19-CLA,2019-11-05 10:53:55.104,3.3536773999999996,-76.53040820000001,0.0
M-I-AM-05NOV19-CLA,2019-11-05 10:53:56.101,3.3536973,-76.5304238,0.0
M-I-AM-05NOV19-CLA,2019-11-05 10:53:57.104,3.3537052000000003,-76.53043029999999,0.0
M-I-AM-05NOV19-CLA,2019-11-05 10:53:58.105,3.3537112999999996,-76.5304359,0.0
M-I-AM-05NOV19-CLA,2019-11-05 10:53:59.101,3.3537157,-76.5304404,0.0
M-I-AM-05NOV19-CLA,2019-11-05 10:54:00.105,3.3537189,-76.5304438,0.0
M-I-AM-05NOV19-CLA,2019-11-05 10:54:01.104,3.3537189,-76.5304438,0.0
M-I-AM-05NOV19-CLA,2019-11-05 10:54:02.101,3.3537226,-76.53044759999999,0.0
M-I-AM-05NOV19-CLA,2019-11-05 10:54:03.106,3.3537237999999996,-76.53044870000001,0.0
M-I-AM-05NOV19-CLA,2019-11-05 10:54:04.106,3.3537252,-76.5304488,0.0
M-I-AM-05NOV19-CLA,2019-11-05 10:54:05.102,3.3537256,-76.5304483,1.0
M-I-AM-05NOV19-CLA,2019-11-05 10:54:06.108,3.3537256,-76.5304483,0.0
M-I-AM-05NOV19-CLA,2019-11-05 10:54:07.107,3.3537256,-76.5304483,0.0
M-I-AM-05NOV19-CLA,2019-11-05 10:54:08.103,3.3537257000000005,-76.53044709999999,0.0
M-I-AM-05NOV19-CLA,2019-11-05 10:54:09.106,3.3537204,-76.5304454,0.0
M-I-AM-05NOV19-CLA,2019-11-05 10:54:10.104,3.3537204,-76.5304454,0.0
M-I-AM-05NOV19-CLA,2019-11-05 10:54:11.102,3.3537204,-76.5304454,0.0
M-I-AM-05NOV19-CLA,2019-11-05 10:54:12.105,3.3536462,-76.5304443,0.0
M-I-AM-05NOV19-CLA,2019-11-05 10:54:13.105,3.3535837999999996,-76.5304435,0.0
M-I-AM-05NOV19-CLA,2019-11-05 10:54:14.101,3.3535076,-76.53044150000001,0.0
M-I-AM-05NOV19-CLA,2019-11-05 10:54:15.104,3.3534345,-76.53043829999999,0.0
M-I-AM-05NOV19-CLA,2019-11-05 10:54:16.108,3.3533681000000004,-76.5304354,0.0
M-I-AM-05NOV19-CLA,2019-11-05 10:54:17.101,3.3533093000000003,-76.530434,0.0
M-I-AM-05NOV19-CLA,2019-11-05 10:54:18.105,3.353253,-76.5304318,0.0
M-I-AM-05NOV19-CLA,2019-11-05 10:54:19.105,3.353253,-76.5304318,0.0
M-I-AM-05NOV19-CLA,2019-11-05 10:54:20.101,3.3531505,-76.5304247,0.0
M-I-AM-05NOV19-CLA,2019-11-05 10:54:21.107,3.3530945,-76.53042109999998,0.0
M-I-AM-05NOV19-CLA,2019-11-05 10:54:22.104,3.3530315,-76.53041540000001,0.0
M-I-AM-05NOV19-CLA,2019-11-05 10:54:23.101,3.3529629,-76.53040920000001,0.0
M-I-AM-05NOV19-CLA,2019-11-05 10:54:24.104,3.3528907999999995,-76.53040240000001,0.0
M-I-AM-05NOV19-CLA,2019-11-05 10:54:25.105,3.3528907999999995,-76.53040240000001,0.0
M-I-AM-05NOV19-CLA,2019-11-05 10:54:26.101,3.3527527000000004,-76.5303831,0.0
M-I-AM-05NOV19-CLA,2019-11-05 10:54:27.351,3.3526392999999994,-76.530357,0.0
M-I-AM-05NOV19-CLA,2019-11-05 10:54:28.105,3.3526392999999994,-76.530357,1.0
M-I-AM-05NOV19-CLA,2019-11-05 10:54:29.101,3.3526029999999998,-76.5303455,1.0
M-I-AM-05NOV19-CLA,2019-11-05 10:54:30.104,3.3525801,-76.53033359999999,1.0
M-I-AM-05NOV19-CLA,2019-11-05 10:54:31.104,3.3525801,-76.53033359999999,0.0
M-I-AM-05NOV19-CLA,2019-11-05 10:54:32.104,3.3525617,-76.53031870000001,0.0
M-I-AM-05NOV19-CLA,2019-11-05 10:54:33.104,3.3525617,-76.53031870000001,0.0
M-I-AM-05NOV19-CLA,2019-11-05 10:54:34.111,3.3525663999999997,-76.5303071,1.0
M-I-AM-05NOV19-CLA,2019-11-05 10:54:35.103,3.3525649,-76.5303017,1.0
M-I-AM-05NOV19-CLA,2019-11-05 10:54:36.108,3.3525702000000006,-76.5302923,1.0
M-I-AM-05NOV19-CLA,2019-11-05 10:54:37.106,3.3525702000000006,-76.5302923,1.0
M-I-AM-05NOV19-CLA,2019-11-05 10:54:38.103,3.3525709000000004,-76.5302885,0.0
M-I-AM-05NOV19-CLA,2019-11-05 10:54:39.108,3.3525805,-76.53027890000001,0.0
M-I-AM-05NOV19-CLA,2019-11-05 10:54:40.105,3.3525867,-76.5302745,0.0
M-I-AM-05NOV19-CLA,2019-11-05 10:54:41.103,3.3525867,-76.5302745,0.0
M-I-AM-05NOV19-CLA,2019-11-05 10:54:42.107,3.3525910000000003,-76.5302719,0.0
M-I-AM-05NOV19-CLA,2019-11-05 10:54:43.106,3.3525936,-76.5302705,0.0
M-I-AM-05NOV19-CLA,2019-11-05 10:54:44.101,3.3525954,-76.53026990000001,0.0
M-I-AM-05NOV19-CLA,2019-11-05 10:54:45.104,3.3525967000000003,-76.53026990000001,0.0
M-I-AM-05NOV19-CLA,2019-11-05 10:54:46.105,3.3525976,-76.5302708,0.0
M-I-AM-05NOV19-CLA,2019-11-05 10:54:47.101,3.3525983,-76.5302719,0.0
M-I-AM-05NOV19-CLA,2019-11-05 10:54:48.104,3.3525983,-76.53027359999999,0.0
M-I-AM-05NOV19-CLA,2019-11-05 10:54:49.105,3.3525983,-76.53027359999999,0.0
M-I-AM-05NOV19-CLA,2019-11-05 10:54:50.101,3.3525983,-76.530277,0.0
M-I-AM-05NOV19-CLA,2019-11-05 10:54:51.105,3.3525983,-76.5302782,0.0
M-I-AM-05NOV19-CLA,2019-11-05 10:54:52.106,3.3525983,-76.5302796,0.0
M-I-AM-05NOV19-CLA,2019-11-05 10:54:53.352,3.3525975,-76.5302821,0.0
M-I-AM-05NOV19-CLA,2019-11-05 10:54:54.104,3.3525975,-76.5302821,0.0
M-I-AM-05NOV19-CLA,2019-11-05 10:54:55.101,3.3525975,-76.5302821,0.0
M-I-AM-05NOV19-CLA,2019-11-05 10:54:56.104,3.3525970999999997,-76.53028420000001,0.0
M-I-AM-05NOV19-CLA,2019-11-05 10:54:57.105,3.3525970000000003,-76.5302848,0.0
M-I-AM-05NOV19-CLA,2019-11-05 10:54:58.101,3.3525968999999995,-76.5302858,0.0
M-I-AM-05NOV19-CLA,2019-11-05 10:54:59.104,3.3525968999999995,-76.53028640000001,0.0
M-I-AM-05NOV19-CLA,2019-11-05 10:55:00.104,3.3525968,-76.5302874,0.0
M-I-AM-05NOV19-CLA,2019-11-05 10:55:01.103,3.3525968,-76.5302874,0.0
M-I-AM-05NOV19-CLA,2019-11-05 10:55:02.105,3.3525968,-76.530289,0.0
M-I-AM-05NOV19-CLA,2019-11-05 10:55:03.106,3.3525968,-76.530289,0.0
M-I-AM-05NOV19-CLA,2019-11-05 10:55:04.101,3.3525967000000003,-76.53029029999999,0.0
M-I-AM-05NOV19-CLA,2019-11-05 10:55:05.105,3.3525967000000003,-76.5302906,0.0
M-I-AM-05NOV19-CLA,2019-11-05 10:55:06.105,3.3525967000000003,-76.5302911,0.0
M-I-AM-05NOV19-CLA,2019-11-05 10:55:07.101,3.3525967000000003,-76.5302911,0.0
M-I-AM-05NOV19-CLA,2019-11-05 10:55:08.107,3.3525967000000003,-76.53029129999999,0.0
M-I-AM-05NOV19-CLA,2019-11-05 10:55:09.105,3.3525967000000003,-76.5302915,0.0
M-I-AM-05NOV19-CLA,2019-11-05 10:55:10.103,3.3525967000000003,-76.5302915,0.0
M-I-AM-05NOV19-CLA,2019-11-05 10:55:11.106,3.3525967000000003,-76.5302916,0.0
M-I-AM-05NOV19-CLA,2019-11-05 10:55:12.105,3.3525967000000003,-76.5302916,0.0
M-I-AM-05NOV19-CLA,2019-11-05 10:55:13.101,3.3525962,-76.5302916,0.0
M-I-AM-05NOV19-CLA,2019-11-05 10:55:14.104,3.3525959000000003,-76.53029120000001,0.0
M-I-AM-05NOV19-CLA,2019-11-05 10:55:15.106,3.3525956,-76.53029090000001,0.0
M-I-AM-05NOV19-CLA,2019-11-05 10:55:16.101,3.3525955,-76.5302902,0.0
M-I-AM-05NOV19-CLA,2019-11-05 10:55:17.104,3.3525949,-76.53028929999999,1.0
M-I-AM-05NOV19-CLA,2019-11-05 10:55:18.105,3.3525940000000003,-76.5302882,1.0
M-I-AM-05NOV19-CLA,2019-11-05 10:55:19.101,3.3525940000000003,-76.5302882,1.0
M-I-AM-05NOV19-CLA,2019-11-05 10:55:20.104,3.3525829,-76.53028809999999,1.0
M-I-AM-05NOV19-CLA,2019-11-05 10:55:21.104,3.3525818,-76.5302872,1.0
M-I-AM-05NOV19-CLA,2019-11-05 10:55:22.101,3.352584,-76.5302855,1.0
M-I-AM-05NOV19-CLA,2019-11-05 10:55:23.104,3.3525866,-76.53028359999999,1.0
M-I-AM-05NOV19-CLA,2019-11-05 10:55:24.105,3.3525882000000005,-76.5302821,1.0
M-I-AM-05NOV19-CLA,2019-11-05 10:55:25.101,3.3525882000000005,-76.5302821,1.0
M-I-AM-05NOV19-CLA,2019-11-05 10:55:26.104,3.3525906,-76.53027900000001,1.0
M-I-AM-05NOV19-CLA,2019-11-05 10:55:27.105,3.3525913999999997,-76.5302775,1.0
M-I-AM-05NOV19-CLA,2019-11-05 10:55:28.100,3.3525919,-76.5302764,1.0
M-I-AM-05NOV19-CLA,2019-11-05 10:55:29.105,3.3525922999999995,-76.53027519999999,1.0
M-I-AM-05NOV19-CLA,2019-11-05 10:55:30.105,3.3525926,-76.5302743,1.0
M-I-AM-05NOV19-CLA,2019-11-05 10:55:31.101,3.3525926,-76.5302743,1.0
M-I-AM-05NOV19-CLA,2019-11-05 10:55:32.106,3.3525928999999994,-76.53027309999999,1.0
M-I-AM-05NOV19-CLA,2019-11-05 10:55:33.105,3.3525931000000004,-76.530272,1.0
M-I-AM-05NOV19-CLA,2019-11-05 10:55:34.102,3.3525931000000004,-76.530272,1.0
M-I-AM-05NOV19-CLA,2019-11-05 10:55:35.104,3.3525931000000004,-76.5302713,1.0
M-I-AM-05NOV19-CLA,2019-11-05 10:55:36.105,3.3525932000000003,-76.5302707,1.0
M-I-AM-05NOV19-CLA,2019-11-05 10:55:37.101,3.3525925,-76.5302689,1.0
M-I-AM-05NOV19-CLA,2019-11-05 10:55:38.113,3.3525817000000004,-76.53026940000001,1.0
M-I-AM-05NOV19-CLA,2019-11-05 10:55:39.106,3.3525538,-76.53027159999999,0.0
M-I-AM-05NOV19-CLA,2019-11-05 10:55:40.103,3.3525538,-76.53027159999999,0.0
M-I-AM-05NOV19-CLA,2019-11-05 10:55:41.112,3.3525148999999996,-76.5302782,0.0
M-I-AM-05NOV19-CLA,2019-11-05 10:55:42.107,3.352408,-76.5302972,0.0
M-I-AM-05NOV19-CLA,2019-11-05 10:55:43.101,3.352408,-76.5302972,1.0
M-I-AM-05NOV19-CLA,2019-11-05 10:55:44.105,3.3523426,-76.53030340000001,1.0
M-I-AM-05NOV19-CLA,2019-11-05 10:55:45.105,3.3522608,-76.5303127,1.0
M-I-AM-05NOV19-CLA,2019-11-05 10:55:46.101,3.3521794999999996,-76.53031920000001,1.0
M-I-AM-05NOV19-CLA,2019-11-05 10:55:47.352,3.3520142999999996,-76.5303243,1.0
M-I-AM-05NOV19-CLA,2019-11-05 10:55:48.105,3.3520142999999996,-76.5303243,1.0
M-I-AM-05NOV19-CLA,2019-11-05 10:55:49.353,3.3518652,-76.5303173,1.0
M-I-AM-05NOV19-CLA,2019-11-05 10:55:50.105,3.3518652,-76.5303173,1.0
M-I-AM-05NOV19-CLA,2019-11-05 10:55:51.101,3.3517906,-76.5303097,1.0
M-I-AM-05NOV19-CLA,2019-11-05 10:55:52.105,3.3517144,-76.53030109999999,0.0
M-I-AM-05NOV19-CLA,2019-11-05 10:55:53.104,3.3516376000000005,-76.5302937,0.0
M-I-AM-05NOV19-CLA,2019-11-05 10:55:54.100,3.3515632000000006,-76.5302885,1.0
M-I-AM-05NOV19-CLA,2019-11-05 10:55:55.105,3.3515632000000006,-76.5302885,1.0
M-I-AM-05NOV19-CLA,2019-11-05 10:55:56.104,3.3514239000000003,-76.5302825,1.0
M-I-AM-05NOV19-CLA,2019-11-05 10:55:57.101,3.3513508,-76.5302822,1.0
M-I-AM-05NOV19-CLA,2019-11-05 10:55:58.104,3.3512814,-76.5302835,0.0
M-I-AM-05NOV19-CLA,2019-11-05 10:55:59.105,3.3512138,-76.5302879,0.0
M-I-AM-05NOV19-CLA,2019-11-05 10:56:00.352,3.351149,-76.53029709999998,1.0
M-I-AM-05NOV19-CLA,2019-11-05 10:56:01.107,3.351149,-76.53029709999998,1.0
M-I-AM-05NOV19-CLA,2019-11-05 10:56:02.103,3.3510332000000003,-76.5303207,0.0
M-I-AM-05NOV19-CLA,2019-11-05 10:56:03.107,3.3509127999999997,-76.5303432,0.0
M-I-AM-05NOV19-CLA,2019-11-05 10:56:04.106,3.3509127999999997,-76.5303432,0.0
M-I-AM-05NOV19-CLA,2019-11-05 10:56:05.103,3.3509127999999997,-76.5303432,0.0
M-I-AM-05NOV19-CLA,2019-11-05 10:56:06.108,3.3507815,-76.53035940000001,0.0
M-I-AM-05NOV19-CLA,2019-11-05 10:56:07.104,3.3507815,-76.53035940000001,1.0
M-I-AM-05NOV19-CLA,2019-11-05 10:56:08.101,3.3506254,-76.53037090000001,1.0
M-I-AM-05NOV19-CLA,2019-11-05 10:56:09.105,3.3506254,-76.53037090000001,0.0
M-I-AM-05NOV19-CLA,2019-11-05 10:56:10.107,3.3503474000000004,-76.53038620000001,0.0
M-I-AM-05NOV19-CLA,2019-11-05 10:56:11.352,3.3502504999999996,-76.5303925,0.0
M-I-AM-05NOV19-CLA,2019-11-05 10:56:12.106,3.3502504999999996,-76.5303925,0.0
M-I-AM-05NOV19-CLA,2019-11-05 10:56:13.103,3.3501513999999997,-76.5303985,0.0
M-I-AM-05NOV19-CLA,2019-11-05 10:56:14.105,3.3500386,-76.5304069,0.0
M-I-AM-05NOV19-CLA,2019-11-05 10:56:15.105,3.3499271,-76.53041759999999,0.0
M-I-AM-05NOV19-CLA,2019-11-05 10:56:16.101,3.3498232000000003,-76.5304278,0.0
M-I-AM-05NOV19-CLA,2019-11-05 10:56:17.115,3.3497267999999996,-76.5304403,0.0
M-I-AM-05NOV19-CLA,2019-11-05 10:56:18.106,3.3496376000000003,-76.53045300000001,0.0
M-I-AM-05NOV19-CLA,2019-11-05 10:56:19.110,3.3496376000000003,-76.53045300000001,0.0
M-I-AM-05NOV19-CLA,2019-11-05 10:56:20.111,3.3494855,-76.5304765,0.0
M-I-AM-05NOV19-CLA,2019-11-05 10:56:21.105,3.3494262999999997,-76.53048309999998,0.0
M-I-AM-05NOV19-CLA,2019-11-05 10:56:22.107,3.3493732000000005,-76.5304855,1.0
M-I-AM-05NOV19-CLA,2019-11-05 10:56:23.104,3.3493209999999998,-76.5304844,1.0
M-I-AM-05NOV19-CLA,2019-11-05 10:56:24.104,3.3492602999999996,-76.53048170000001,0.0
M-I-AM-05NOV19-CLA,2019-11-05 10:56:25.101,3.3492602999999996,-76.53048170000001,0.0
M-I-AM-05NOV19-CLA,2019-11-05 10:56:26.106,3.3491315000000004,-76.5304727,0.0
M-I-AM-05NOV19-CLA,2019-11-05 10:56:27.105,3.3490653,-76.5304675,0.0
M-I-AM-05NOV19-CLA,2019-11-05 10:56:28.101,3.3489877,-76.5304635,0.0
M-I-AM-05NOV19-CLA,2019-11-05 10:56:29.105,3.3488989,-76.530463,0.0
M-I-AM-05NOV19-CLA,2019-11-05 10:56:30.104,3.3488013,-76.5304676,1.0
M-I-AM-05NOV19-CLA,2019-11-05 10:56:31.104,3.3488013,-76.5304676,1.0
M-I-AM-05NOV19-CLA,2019-11-05 10:56:32.108,3.348618,-76.5304886,1.0
M-I-AM-05NOV19-CLA,2019-11-05 10:56:33.110,3.3484303,-76.5305198,1.0
M-I-AM-05NOV19-CLA,2019-11-05 10:56:34.102,3.3484303,-76.5305198,1.0
M-I-AM-05NOV19-CLA,2019-11-05 10:56:35.107,3.3483387000000002,-76.5305364,1.0
M-I-AM-05NOV19-CLA,2019-11-05 10:56:36.110,3.3482513,-76.530552,1.0
M-I-AM-05NOV19-CLA,2019-11-05 10:56:37.101,3.3482513,-76.530552,1.0
M-I-AM-05NOV19-CLA,2019-11-05 10:56:38.105,3.3480962,-76.5305782,1.0
M-I-AM-05NOV19-CLA,2019-11-05 10:56:39.363,3.3479648999999996,-76.5305979,0.0
M-I-AM-05NOV19-CLA,2019-11-05 10:56:40.103,3.3479648999999996,-76.5305979,0.0
M-I-AM-05NOV19-CLA,2019-11-05 10:56:41.137,3.3479648999999996,-76.5305979,0.0
M-I-AM-05NOV19-CLA,2019-11-05 10:56:42.107,3.3478267999999995,-76.5306121,0.0
M-I-AM-05NOV19-CLA,2019-11-05 10:56:43.100,3.3478267999999995,-76.5306121,0.0
M-I-AM-05NOV19-CLA,2019-11-05 10:56:44.104,3.3476678,-76.530624,0.0
M-I-AM-05NOV19-CLA,2019-11-05 10:56:45.104,3.347569,-76.5306323,0.0
M-I-AM-05NOV19-CLA,2019-11-05 10:56:46.101,3.3474679,-76.5306439,0.0
M-I-AM-05NOV19-CLA,2019-11-05 10:56:47.104,3.3473657,-76.53065649999999,0.0
M-I-AM-05NOV19-CLA,2019-11-05 10:56:48.104,3.3472663999999996,-76.5306687,0.0
M-I-AM-05NOV19-CLA,2019-11-05 10:56:49.101,3.3472663999999996,-76.5306687,0.0
M-I-AM-05NOV19-CLA,2019-11-05 10:56:50.105,3.3470974,-76.53069,0.0
M-I-AM-05NOV19-CLA,2019-11-05 10:56:51.104,3.3470123,-76.5307,0.0
M-I-AM-05NOV19-CLA,2019-11-05 10:56:52.100,3.3469279999999997,-76.53071059999999,0.0
M-I-AM-05NOV19-CLA,2019-11-05 10:56:53.104,3.3468432,-76.5307211,0.0
M-I-AM-05NOV19-CLA,2019-11-05 10:56:54.104,3.3467614,-76.53072890000001,0.0
M-I-AM-05NOV19-CLA,2019-11-05 10:56:55.101,3.3467614,-76.53072890000001,0.0
M-I-AM-05NOV19-CLA,2019-11-05 10:56:56.104,3.3466112999999997,-76.53073859999999,0.0
M-I-AM-05NOV19-CLA,2019-11-05 10:56:57.104,3.3465324,-76.530743,0.0
M-I-AM-05NOV19-CLA,2019-11-05 10:56:58.101,3.3464509,-76.5307478,0.0
M-I-AM-05NOV19-CLA,2019-11-05 10:56:59.104,3.3463643,-76.530752,0.0
M-I-AM-05NOV19-CLA,2019-11-05 10:57:00.104,3.3462727999999995,-76.5307557,0.0
M-I-AM-05NOV19-CLA,2019-11-05 10:57:01.101,3.3462727999999995,-76.5307557,0.0
M-I-AM-05NOV19-CLA,2019-11-05 10:57:02.104,3.3460579,-76.53076,0.0
M-I-AM-05NOV19-CLA,2019-11-05 10:57:03.104,3.3459297999999995,-76.53076259999999,0.0
M-I-AM-05NOV19-CLA,2019-11-05 10:57:04.100,3.3457979,-76.5307663,0.0
M-I-AM-05NOV19-CLA,2019-11-05 10:57:05.104,3.3456687999999994,-76.5307711,0.0
M-I-AM-05NOV19-CLA,2019-11-05 10:57:06.104,3.3455476,-76.5307773,0.0
M-I-AM-05NOV19-CLA,2019-11-05 10:57:07.101,3.3455476,-76.5307773,0.0
M-I-AM-05NOV19-CLA,2019-11-05 10:57:08.104,3.3453141000000004,-76.5307881,0.0
M-I-AM-05NOV19-CLA,2019-11-05 10:57:09.104,3.3451972999999997,-76.5307937,0.0
M-I-AM-05NOV19-CLA,2019-11-05 10:57:10.101,3.3450841000000002,-76.530799,0.0
M-I-AM-05NOV19-CLA,2019-11-05 10:57:11.104,3.34496,-76.53080440000001,0.0
M-I-AM-05NOV19-CLA,2019-11-05 10:57:12.104,3.3448328999999997,-76.5308098,0.0
M-I-AM-05NOV19-CLA,2019-11-05 10:57:13.101,3.3448328999999997,-76.5308098,0.0
M-I-AM-05NOV19-CLA,2019-11-05 10:57:14.104,3.3445739000000003,-76.53082109999998,0.0
M-I-AM-05NOV19-CLA,2019-11-05 10:57:15.104,3.3444342000000002,-76.5308283,0.0
M-I-AM-05NOV19-CLA,2019-11-05 10:57:16.101,3.3442974999999997,-76.53083649999999,0.0
M-I-AM-05NOV19-CLA,2019-11-05 10:57:17.104,3.3441650000000003,-76.53085229999999,0.0
M-I-AM-05NOV19-CLA,2019-11-05 10:57:18.104,3.3440470999999996,-76.5308722,0.0
M-I-AM-05NOV19-CLA,2019-11-05 10:57:19.101,3.3440470999999996,-76.5308722,0.0
M-I-AM-05NOV19-CLA,2019-11-05 10:57:20.104,3.3438686,-76.53090309999999,0.0
M-I-AM-05NOV19-CLA,2019-11-05 10:57:21.104,3.3437984,-76.5309156,0.0
M-I-AM-05NOV19-CLA,2019-11-05 10:57:22.101,3.3437516000000005,-76.5309239,0.0
M-I-AM-05NOV19-CLA,2019-11-05 10:57:23.105,3.3437224000000003,-76.5309302,0.0
M-I-AM-05NOV19-CLA,2019-11-05 10:57:24.104,3.3437093,-76.530934,0.0
M-I-AM-05NOV19-CLA,2019-11-05 10:57:25.101,3.3437093,-76.530934,0.0
M-I-AM-05NOV19-CLA,2019-11-05 10:57:26.104,3.3437182,-76.5309357,0.0
M-I-AM-05NOV19-CLA,2019-11-05 10:57:27.104,3.3437258,-76.5309358,0.0
M-I-AM-05NOV19-CLA,2019-11-05 10:57:28.101,3.3437345,-76.53093559999999,0.0
M-I-AM-05NOV19-CLA,2019-11-05 10:57:29.104,3.3437412,-76.530935,0.0
M-I-AM-05NOV19-CLA,2019-11-05 10:57:30.104,3.3437461,-76.5309345,0.0
M-I-AM-05NOV19-CLA,2019-11-05 10:57:31.101,3.3437461,-76.5309345,0.0
M-I-AM-05NOV19-CLA,2019-11-05 10:57:32.105,3.3437528,-76.5309328,0.0
M-I-AM-05NOV19-CLA,2019-11-05 10:57:33.106,3.3437571000000004,-76.5309304,0.0
M-I-AM-05NOV19-CLA,2019-11-05 10:57:34.101,3.3437571000000004,-76.5309304,0.0
M-I-AM-05NOV19-CLA,2019-11-05 10:57:35.106,3.3437571000000004,-76.5309304,0.0
M-I-AM-05NOV19-CLA,2019-11-05 10:57:36.104,3.3437592000000005,-76.5309277,0.0
M-I-AM-05NOV19-CLA,2019-11-05 10:57:37.101,3.3437599000000002,-76.5309267,0.0
M-I-AM-05NOV19-CLA,2019-11-05 10:57:38.105,3.3437599000000002,-76.5309267,0.0
M-I-AM-05NOV19-CLA,2019-11-05 10:57:39.106,3.3437617,-76.5309244,0.0
M-I-AM-05NOV19-CLA,2019-11-05 10:57:40.102,3.3437617,-76.5309244,0.0
M-I-AM-05NOV19-CLA,2019-11-05 10:57:41.105,3.3437627999999995,-76.5309233,0.0
M-I-AM-05NOV19-CLA,2019-11-05 10:57:42.106,3.3437627999999995,-76.5309233,0.0
M-I-AM-05NOV19-CLA,2019-11-05 10:57:43.101,3.3437634,-76.53092290000001,0.0
M-I-AM-05NOV19-CLA,2019-11-05 10:57:44.104,3.3437644,-76.5309226,0.0
M-I-AM-05NOV19-CLA,2019-11-05 10:57:45.104,3.3437650999999997,-76.53092190000001,0.0
M-I-AM-05NOV19-CLA,2019-11-05 10:57:46.101,3.3437655,-76.5309214,0.0
M-I-AM-05NOV19-CLA,2019-11-05 10:57:47.104,3.3437659,-76.53092099999999,0.0
M-I-AM-05NOV19-CLA,2019-11-05 10:57:48.104,3.3437655,-76.53092029999999,0.0
M-I-AM-05NOV19-CLA,2019-11-05 10:57:49.101,3.3437655,-76.53092029999999,0.0
M-I-AM-05NOV19-CLA,2019-11-05 10:57:50.106,3.3437487,-76.5309188,0.0
M-I-AM-05NOV19-CLA,2019-11-05 10:57:51.107,3.3437451,-76.530917,0.0
M-I-AM-05NOV19-CLA,2019-11-05 10:57:52.101,3.3437461,-76.5309142,0.0
M-I-AM-05NOV19-CLA,2019-11-05 10:57:53.105,3.3437468999999997,-76.5309116,0.0
M-I-AM-05NOV19-CLA,2019-11-05 10:57:54.105,3.3437482000000003,-76.5309094,0.0
M-I-AM-05NOV19-CLA,2019-11-05 10:57:55.101,3.3437482000000003,-76.5309094,0.0
M-I-AM-05NOV19-CLA,2019-11-05 10:57:56.106,3.3437482000000003,-76.5309067,0.0
M-I-AM-05NOV19-CLA,2019-11-05 10:57:57.104,3.3437477999999996,-76.5309058,0.0
M-I-AM-05NOV19-CLA,2019-11-05 10:57:58.101,3.3437471,-76.5309052,0.0
M-I-AM-05NOV19-CLA,2019-11-05 10:57:59.104,3.3437466000000002,-76.5309052,0.0
M-I-AM-05NOV19-CLA,2019-11-05 10:58:00.104,3.3437461,-76.5309051,0.0
M-I-AM-05NOV19-CLA,2019-11-05 10:58:01.101,3.3437461,-76.5309051,0.0
M-I-AM-05NOV19-CLA,2019-11-05 10:58:02.104,3.3437447999999996,-76.5309055,0.0
M-I-AM-05NOV19-CLA,2019-11-05 10:58:03.105,3.3437434,-76.5309063,0.0
M-I-AM-05NOV19-CLA,2019-11-05 10:58:04.103,3.3437434,-76.5309063,0.0
M-I-AM-05NOV19-CLA,2019-11-05 10:58:05.105,3.3437422,-76.5309083,1.0
M-I-AM-05NOV19-CLA,2019-11-05 10:58:06.105,3.3437415999999995,-76.53090949999999,1.0
M-I-AM-05NOV19-CLA,2019-11-05 10:58:07.102,3.3437415999999995,-76.53090949999999,1.0
M-I-AM-05NOV19-CLA,2019-11-05 10:58:08.108,3.3437412,-76.5309108,1.0
M-I-AM-05NOV19-CLA,2019-11-05 10:58:09.106,3.3437409,-76.5309118,0.0
M-I-AM-05NOV19-CLA,2019-11-05 10:58:10.105,3.3437400999999998,-76.53091450000001,0.0
M-I-AM-05NOV19-CLA,2019-11-05 10:58:11.104,3.3437400999999998,-76.53091450000001,0.0
M-I-AM-05NOV19-CLA,2019-11-05 10:58:12.104,3.34374,-76.53091450000001,0.0
M-I-AM-05NOV19-CLA,2019-11-05 10:58:13.101,3.3437347,-76.5309163,0.0
M-I-AM-05NOV19-CLA,2019-11-05 10:58:14.104,3.3437205000000003,-76.530919,0.0
M-I-AM-05NOV19-CLA,2019-11-05 10:58:15.104,3.3436955999999998,-76.5309235,0.0
M-I-AM-05NOV19-CLA,2019-11-05 10:58:16.101,3.3436496,-76.530929,0.0
M-I-AM-05NOV19-CLA,2019-11-05 10:58:17.105,3.3435931000000005,-76.5309315,0.0
M-I-AM-05NOV19-CLA,2019-11-05 10:58:18.354,3.3435297999999993,-76.53093309999998,0.0
M-I-AM-05NOV19-CLA,2019-11-05 10:58:19.106,3.3435297999999993,-76.53093309999998,0.0
M-I-AM-05NOV19-CLA,2019-11-05 10:58:20.105,3.3433987999999997,-76.53093170000001,0.0
M-I-AM-05NOV19-CLA,2019-11-05 10:58:21.106,3.3433311000000003,-76.530923,0.0
M-I-AM-05NOV19-CLA,2019-11-05 10:58:22.111,3.3432644999999996,-76.5309241,0.0
M-I-AM-05NOV19-CLA,2019-11-05 10:58:23.105,3.3431968,-76.530911,0.0
M-I-AM-05NOV19-CLA,2019-11-05 10:58:24.104,3.3431394,-76.530873,0.0
M-I-AM-05NOV19-CLA,2019-11-05 10:58:25.101,3.3431394,-76.530873,0.0
M-I-AM-05NOV19-CLA,2019-11-05 10:58:26.106,3.3430571000000002,-76.5307818,0.0
M-I-AM-05NOV19-CLA,2019-11-05 10:58:27.105,3.3430571000000002,-76.5307818,0.0
M-I-AM-05NOV19-CLA,2019-11-05 10:58:28.104,3.3430449999999996,-76.5306081,1.0
M-I-AM-05NOV19-CLA,2019-11-05 10:58:29.107,3.3430525,-76.530499,1.0
M-I-AM-05NOV19-CLA,2019-11-05 10:58:30.104,3.3430587,-76.53039790000001,1.0
M-I-AM-05NOV19-CLA,2019-11-05 10:58:31.102,3.3430587,-76.53039790000001,1.0
M-I-AM-05NOV19-CLA,2019-11-05 10:58:32.110,3.3430793,-76.5302248,1.0
M-I-AM-05NOV19-CLA,2019-11-05 10:58:33.112,3.3430793,-76.5302248,1.0
M-I-AM-05NOV19-CLA,2019-11-05 10:58:34.110,3.3431084,-76.5300782,1.0
M-I-AM-05NOV19-CLA,2019-11-05 10:58:35.111,3.3431175000000004,-76.5300551,1.0
M-I-AM-05NOV19-CLA,2019-11-05 10:58:36.118,3.3431254999999998,-76.53004720000001,1.0
M-I-AM-05NOV19-CLA,2019-11-05 10:58:37.103,3.3431307999999995,-76.5300394,1.0
M-I-AM-05NOV19-CLA,2019-11-05 10:58:38.107,3.3431349999999997,-76.5300277,1.0
M-I-AM-05NOV19-CLA,2019-11-05 10:58:39.125,3.3431349999999997,-76.5300277,1.0
M-I-AM-05NOV19-CLA,2019-11-05 10:58:40.121,3.343145,-76.52998050000001,1.0
M-I-AM-05NOV19-CLA,2019-11-05 10:58:41.119,3.3431499,-76.5299532,1.0
M-I-AM-05NOV19-CLA,2019-11-05 10:58:42.105,3.3431499,-76.5299532,1.0
