,,,,,Sensor_Package_Name,Sensor_Package_Name,Sensor_Package_Name,Sensor_Package_Name,Sensor_Package_Name
,,,,,AirBeam2:001896106113,AirBeam2:001896106113,AirBeam2:001896106113,AirBeam2:001896106113,AirBeam2:001896106113
,,,,,Sensor_Name,Sensor_Name,Sensor_Name,Sensor_Name,Sensor_Name
,,,,,AirBeam2-F,AirBeam2-PM1,AirBeam2-PM10,AirBeam2-PM2.5,AirBeam2-RH
,,,,,Measurement_Type,Measurement_Type,Measurement_Type,Measurement_Type,Measurement_Type
,,,,,Temperature,Particulate Matter,Particulate Matter,Particulate Matter,Humidity
,,,,,Measurement_Units,Measurement_Units,Measurement_Units,Measurement_Units,Measurement_Units
,,,,,degrees Fahrenheit,micrograms per cubic meter,micrograms per cubic meter,micrograms per cubic meter,percent
ObjectID,Session_Name,Timestamp,Latitude,Longitude,1:Measurement_Value,2:Measurement_Value,3:Measurement_Value,4:Measurement_Value,5:Measurement_Value
1,M-I-PM-31OCT19-ABL2,2019-10-31T18:09:44.888,3.3630953,-76.5316253,85.0,,,,
2,M-I-PM-31OCT19-ABL2,2019-10-31T18:09:44.957,3.3630953,-76.5316253,,,,,55.0
3,M-I-PM-31OCT19-ABL2,2019-10-31T18:09:45.042,3.3630953,-76.5316253,,5.0,,,
4,M-I-PM-31OCT19-ABL2,2019-10-31T18:09:45.090,3.3630953,-76.5316253,,,,8.0,
5,M-I-PM-31OCT19-ABL2,2019-10-31T18:09:45.095,3.3630953,-76.5316253,,,10.0,,
6,M-I-PM-31OCT19-ABL2,2019-10-31T18:09:46.055,3.3631185,-76.5316291,85.0,,,,
7,M-I-PM-31OCT19-ABL2,2019-10-31T18:09:46.134,3.3631185,-76.5316291,,,,,55.0
8,M-I-PM-31OCT19-ABL2,2019-10-31T18:09:46.136,3.3631185,-76.5316291,,5.0,,8.0,
9,M-I-PM-31OCT19-ABL2,2019-10-31T18:09:46.186,3.3631185,-76.5316291,,,10.0,,
10,M-I-PM-31OCT19-ABL2,2019-10-31T18:09:46.881,3.3631185,-76.5316291,85.0,,,,
11,M-I-PM-31OCT19-ABL2,2019-10-31T18:09:46.941,3.3631185,-76.5316291,,,,,55.0
12,M-I-PM-31OCT19-ABL2,2019-10-31T18:09:47.012,3.3631185,-76.5316291,,5.0,,,
13,M-I-PM-31OCT19-ABL2,2019-10-31T18:09:47.060,3.3631185,-76.5316291,,,,8.0,
14,M-I-PM-31OCT19-ABL2,2019-10-31T18:09:47.101,3.3631185,-76.5316291,,,10.0,,
15,M-I-PM-31OCT19-ABL2,2019-10-31T18:09:47.899,3.3631721,-76.5316389,85.0,,,,
16,M-I-PM-31OCT19-ABL2,2019-10-31T18:09:47.987,3.3631721,-76.5316389,,,,,55.0
17,M-I-PM-31OCT19-ABL2,2019-10-31T18:09:48.080,3.3631721,-76.5316389,,5.0,11.0,9.0,
18,M-I-PM-31OCT19-ABL2,2019-10-31T18:09:48.944,3.3631721,-76.5316389,85.0,,,,
19,M-I-PM-31OCT19-ABL2,2019-10-31T18:09:48.945,3.3631721,-76.5316389,,,,,55.0
20,M-I-PM-31OCT19-ABL2,2019-10-31T18:09:49.036,3.3631721,-76.5316389,,5.0,,,
21,M-I-PM-31OCT19-ABL2,2019-10-31T18:09:49.053,3.3631721,-76.5316389,,,,9.0,
22,M-I-PM-31OCT19-ABL2,2019-10-31T18:09:49.063,3.3631721,-76.5316389,,,11.0,,
23,M-I-PM-31OCT19-ABL2,2019-10-31T18:09:49.993,3.363192,-76.5316393,85.0,,,,
24,M-I-PM-31OCT19-ABL2,2019-10-31T18:09:50.045,3.363192,-76.5316393,,,,,55.0
25,M-I-PM-31OCT19-ABL2,2019-10-31T18:09:50.073,3.363192,-76.5316393,,4.0,,,
26,M-I-PM-31OCT19-ABL2,2019-10-31T18:09:50.102,3.363192,-76.5316393,,,,8.0,
27,M-I-PM-31OCT19-ABL2,2019-10-31T18:09:50.193,3.363192,-76.5316393,,,10.0,,
28,M-I-PM-31OCT19-ABL2,2019-10-31T18:09:50.905,3.3631934,-76.5316392,85.0,,,,
29,M-I-PM-31OCT19-ABL2,2019-10-31T18:09:51.014,3.3631934,-76.5316392,,,,,55.0
30,M-I-PM-31OCT19-ABL2,2019-10-31T18:09:51.080,3.3631934,-76.5316392,,4.0,,7.0,
31,M-I-PM-31OCT19-ABL2,2019-10-31T18:09:51.084,3.3631934,-76.5316392,,,10.0,,
32,M-I-PM-31OCT19-ABL2,2019-10-31T18:09:51.907,3.3631934,-76.5316392,85.0,,,,
33,M-I-PM-31OCT19-ABL2,2019-10-31T18:09:51.988,3.3631934,-76.5316392,,,,,55.0
34,M-I-PM-31OCT19-ABL2,2019-10-31T18:09:52.058,3.3631934,-76.5316392,,4.0,,,
35,M-I-PM-31OCT19-ABL2,2019-10-31T18:09:52.059,3.3631934,-76.5316392,,,,7.0,
36,M-I-PM-31OCT19-ABL2,2019-10-31T18:09:52.099,3.3631934,-76.5316392,,,10.0,,
37,M-I-PM-31OCT19-ABL2,2019-10-31T18:09:52.891,3.3632203,-76.5316437,85.0,,,,
38,M-I-PM-31OCT19-ABL2,2019-10-31T18:09:52.905,3.3632203,-76.5316437,,,,,55.0
39,M-I-PM-31OCT19-ABL2,2019-10-31T18:09:52.995,3.3632203,-76.5316437,,5.0,,,
40,M-I-PM-31OCT19-ABL2,2019-10-31T18:09:53.076,3.3632203,-76.5316437,,,,8.0,
41,M-I-PM-31OCT19-ABL2,2019-10-31T18:09:53.082,3.3632203,-76.5316437,,,12.0,,
42,M-I-PM-31OCT19-ABL2,2019-10-31T18:09:53.989,3.3632203,-76.5316437,85.0,,,,
43,M-I-PM-31OCT19-ABL2,2019-10-31T18:09:54.017,3.3632203,-76.5316437,,,,,55.0
44,M-I-PM-31OCT19-ABL2,2019-10-31T18:09:54.074,3.3632203,-76.5316437,,5.0,,,
45,M-I-PM-31OCT19-ABL2,2019-10-31T18:09:54.130,3.3632203,-76.5316437,,,,8.0,
46,M-I-PM-31OCT19-ABL2,2019-10-31T18:09:54.219,3.3632203,-76.5316437,,,12.0,,
47,M-I-PM-31OCT19-ABL2,2019-10-31T18:09:54.918,3.3632411,-76.5316535,85.0,,,,
48,M-I-PM-31OCT19-ABL2,2019-10-31T18:09:55.004,3.3632411,-76.5316535,,,,,55.0
49,M-I-PM-31OCT19-ABL2,2019-10-31T18:09:55.098,3.3632411,-76.5316535,,6.0,12.0,8.0,
50,M-I-PM-31OCT19-ABL2,2019-10-31T18:09:55.914,3.3632411,-76.5316535,85.0,,,,
51,M-I-PM-31OCT19-ABL2,2019-10-31T18:09:55.987,3.3632411,-76.5316535,,,,,55.0
52,M-I-PM-31OCT19-ABL2,2019-10-31T18:09:56.071,3.3632411,-76.5316535,,6.0,,8.0,
53,M-I-PM-31OCT19-ABL2,2019-10-31T18:09:56.081,3.3632411,-76.5316535,,,12.0,,
54,M-I-PM-31OCT19-ABL2,2019-10-31T18:09:56.898,3.3632519,-76.5316583,85.0,,,,
55,M-I-PM-31OCT19-ABL2,2019-10-31T18:09:56.973,3.3632519,-76.5316583,,,,,55.0
56,M-I-PM-31OCT19-ABL2,2019-10-31T18:09:57.083,3.3632519,-76.5316583,,6.0,,,
57,M-I-PM-31OCT19-ABL2,2019-10-31T18:09:57.085,3.3632519,-76.5316583,,,13.0,9.0,
58,M-I-PM-31OCT19-ABL2,2019-10-31T18:09:58.100,3.363264,-76.5316631,85.0,,,,
59,M-I-PM-31OCT19-ABL2,2019-10-31T18:09:58.153,3.363264,-76.5316631,,,,,55.0
60,M-I-PM-31OCT19-ABL2,2019-10-31T18:09:58.206,3.363264,-76.5316631,,5.0,,,
61,M-I-PM-31OCT19-ABL2,2019-10-31T18:09:58.258,3.363264,-76.5316631,,,,9.0,
62,M-I-PM-31OCT19-ABL2,2019-10-31T18:09:58.260,3.363264,-76.5316631,,,12.0,,
63,M-I-PM-31OCT19-ABL2,2019-10-31T18:09:58.890,3.3632832,-76.5316708,85.0,,,,
64,M-I-PM-31OCT19-ABL2,2019-10-31T18:09:58.992,3.3632832,-76.5316708,,,,,55.0
65,M-I-PM-31OCT19-ABL2,2019-10-31T18:09:59.082,3.3632832,-76.5316708,,5.0,,9.0,
66,M-I-PM-31OCT19-ABL2,2019-10-31T18:09:59.084,3.3632832,-76.5316708,,,12.0,,
67,M-I-PM-31OCT19-ABL2,2019-10-31T18:09:59.900,3.3632832,-76.5316708,85.0,,,,
68,M-I-PM-31OCT19-ABL2,2019-10-31T18:10:00.000,3.3632832,-76.5316708,,,,,55.0
69,M-I-PM-31OCT19-ABL2,2019-10-31T18:10:00.014,3.3632832,-76.5316708,,6.0,,,
70,M-I-PM-31OCT19-ABL2,2019-10-31T18:10:00.052,3.3632832,-76.5316708,,,,8.0,
71,M-I-PM-31OCT19-ABL2,2019-10-31T18:10:00.102,3.3633082,-76.5316621,,,12.0,,
72,M-I-PM-31OCT19-ABL2,2019-10-31T18:10:00.902,3.3633082,-76.5316621,85.0,,,,
73,M-I-PM-31OCT19-ABL2,2019-10-31T18:10:00.909,3.3633082,-76.5316621,,,,,55.0
74,M-I-PM-31OCT19-ABL2,2019-10-31T18:10:01.034,3.3633082,-76.5316621,,6.0,,,
75,M-I-PM-31OCT19-ABL2,2019-10-31T18:10:01.101,3.3633082,-76.5316621,,,,8.0,
76,M-I-PM-31OCT19-ABL2,2019-10-31T18:10:01.103,3.3633082,-76.5316621,,,12.0,,
77,M-I-PM-31OCT19-ABL2,2019-10-31T18:10:01.875,3.3633391,-76.5316613,85.0,,,,
78,M-I-PM-31OCT19-ABL2,2019-10-31T18:10:01.948,3.3633391,-76.5316613,,,,,55.0
79,M-I-PM-31OCT19-ABL2,2019-10-31T18:10:02.029,3.3633391,-76.5316613,,5.0,,,
80,M-I-PM-31OCT19-ABL2,2019-10-31T18:10:02.169,3.3633391,-76.5316613,,,,8.0,
81,M-I-PM-31OCT19-ABL2,2019-10-31T18:10:02.388,3.3633391,-76.5316613,,,10.0,,
82,M-I-PM-31OCT19-ABL2,2019-10-31T18:10:02.966,3.3633912,-76.5316579,85.0,,,,
83,M-I-PM-31OCT19-ABL2,2019-10-31T18:10:02.990,3.3633912,-76.5316579,,,,,55.0
84,M-I-PM-31OCT19-ABL2,2019-10-31T18:10:03.045,3.3633912,-76.5316579,,5.0,,,
85,M-I-PM-31OCT19-ABL2,2019-10-31T18:10:03.102,3.3633912,-76.5316579,,,,8.0,
86,M-I-PM-31OCT19-ABL2,2019-10-31T18:10:03.105,3.3633912,-76.5316579,,,10.0,,
87,M-I-PM-31OCT19-ABL2,2019-10-31T18:10:03.900,3.3633912,-76.5316579,85.0,,,,
88,M-I-PM-31OCT19-ABL2,2019-10-31T18:10:03.901,3.3633912,-76.5316579,,,,,55.0
89,M-I-PM-31OCT19-ABL2,2019-10-31T18:10:04.035,3.3633912,-76.5316579,,4.0,,,
90,M-I-PM-31OCT19-ABL2,2019-10-31T18:10:04.085,3.3633912,-76.5316579,,,9.0,7.0,
91,M-I-PM-31OCT19-ABL2,2019-10-31T18:10:04.937,3.3634293,-76.5316384,85.0,,,,
92,M-I-PM-31OCT19-ABL2,2019-10-31T18:10:05.035,3.3634293,-76.5316384,,,,,55.0
93,M-I-PM-31OCT19-ABL2,2019-10-31T18:10:05.036,3.3634293,-76.5316384,,5.0,,,
94,M-I-PM-31OCT19-ABL2,2019-10-31T18:10:05.085,3.3634293,-76.5316384,,,,7.0,
95,M-I-PM-31OCT19-ABL2,2019-10-31T18:10:05.086,3.3634293,-76.5316384,,,9.0,,
96,M-I-PM-31OCT19-ABL2,2019-10-31T18:10:05.863,3.3634574,-76.5316404,85.0,,,,
97,M-I-PM-31OCT19-ABL2,2019-10-31T18:10:05.953,3.3634574,-76.5316404,,,,,54.0
98,M-I-PM-31OCT19-ABL2,2019-10-31T18:10:06.028,3.3634574,-76.5316404,,5.0,,,
99,M-I-PM-31OCT19-ABL2,2019-10-31T18:10:06.077,3.3634574,-76.5316404,,,9.0,7.0,
100,M-I-PM-31OCT19-ABL2,2019-10-31T18:10:07.058,3.3634574,-76.5316404,85.0,,,,
101,M-I-PM-31OCT19-ABL2,2019-10-31T18:10:07.117,3.3634574,-76.5316404,,,,,55.0
102,M-I-PM-31OCT19-ABL2,2019-10-31T18:10:07.171,3.3634574,-76.5316404,,5.0,,,
103,M-I-PM-31OCT19-ABL2,2019-10-31T18:10:07.222,3.3634574,-76.5316404,,,,7.0,
104,M-I-PM-31OCT19-ABL2,2019-10-31T18:10:07.224,3.3634574,-76.5316404,,,10.0,,
105,M-I-PM-31OCT19-ABL2,2019-10-31T18:10:07.857,3.3635054,-76.5316442,85.0,,,,
106,M-I-PM-31OCT19-ABL2,2019-10-31T18:10:07.945,3.3635054,-76.5316442,,,,,55.0
107,M-I-PM-31OCT19-ABL2,2019-10-31T18:10:08.043,3.3635054,-76.5316442,,5.0,,,
108,M-I-PM-31OCT19-ABL2,2019-10-31T18:10:08.097,3.3635054,-76.5316442,,,10.0,7.0,
109,M-I-PM-31OCT19-ABL2,2019-10-31T18:10:08.890,3.3635327,-76.5316542,85.0,,,,
110,M-I-PM-31OCT19-ABL2,2019-10-31T18:10:08.946,3.3635327,-76.5316542,,,,,55.0
111,M-I-PM-31OCT19-ABL2,2019-10-31T18:10:09.021,3.3635327,-76.5316542,,5.0,,,
112,M-I-PM-31OCT19-ABL2,2019-10-31T18:10:09.075,3.3635327,-76.5316542,,,,7.0,
113,M-I-PM-31OCT19-ABL2,2019-10-31T18:10:09.077,3.3635327,-76.5316542,,,10.0,,
114,M-I-PM-31OCT19-ABL2,2019-10-31T18:10:10.012,3.3635327,-76.5316542,85.0,,,,
115,M-I-PM-31OCT19-ABL2,2019-10-31T18:10:10.088,3.3635327,-76.5316542,,,,,54.0
116,M-I-PM-31OCT19-ABL2,2019-10-31T18:10:10.140,3.3635327,-76.5316542,,5.0,,,
117,M-I-PM-31OCT19-ABL2,2019-10-31T18:10:10.196,3.3635327,-76.5316542,,,,7.0,
118,M-I-PM-31OCT19-ABL2,2019-10-31T18:10:10.223,3.3635327,-76.5316542,,,10.0,,
119,M-I-PM-31OCT19-ABL2,2019-10-31T18:10:10.894,3.3635881,-76.5316738,85.0,,,,
120,M-I-PM-31OCT19-ABL2,2019-10-31T18:10:10.979,3.3635881,-76.5316738,,,,,55.0
121,M-I-PM-31OCT19-ABL2,2019-10-31T18:10:11.029,3.3635881,-76.5316738,,4.0,,,
122,M-I-PM-31OCT19-ABL2,2019-10-31T18:10:11.079,3.3635881,-76.5316738,,,9.0,7.0,
123,M-I-PM-31OCT19-ABL2,2019-10-31T18:10:11.860,3.3635881,-76.5316738,85.0,,,,
124,M-I-PM-31OCT19-ABL2,2019-10-31T18:10:11.919,3.3635881,-76.5316738,,,,,54.0
125,M-I-PM-31OCT19-ABL2,2019-10-31T18:10:12.066,3.3635881,-76.5316738,,4.0,,,
126,M-I-PM-31OCT19-ABL2,2019-10-31T18:10:12.071,3.3635881,-76.5316738,,,,7.0,
127,M-I-PM-31OCT19-ABL2,2019-10-31T18:10:12.072,3.3635881,-76.5316738,,,10.0,,
128,M-I-PM-31OCT19-ABL2,2019-10-31T18:10:12.920,3.3636217,-76.5316904,85.0,,,,
129,M-I-PM-31OCT19-ABL2,2019-10-31T18:10:12.984,3.3636217,-76.5316904,,,,,54.0
130,M-I-PM-31OCT19-ABL2,2019-10-31T18:10:12.985,3.3636217,-76.5316904,,5.0,,,
131,M-I-PM-31OCT19-ABL2,2019-10-31T18:10:13.070,3.3636217,-76.5316904,,,,7.0,
132,M-I-PM-31OCT19-ABL2,2019-10-31T18:10:13.073,3.3636217,-76.5316904,,,11.0,,
133,M-I-PM-31OCT19-ABL2,2019-10-31T18:10:13.939,3.3636217,-76.5316904,85.0,,,,
134,M-I-PM-31OCT19-ABL2,2019-10-31T18:10:13.943,3.3636217,-76.5316904,,,,,54.0
135,M-I-PM-31OCT19-ABL2,2019-10-31T18:10:14.005,3.3636217,-76.5316904,,5.0,,,
136,M-I-PM-31OCT19-ABL2,2019-10-31T18:10:14.142,3.3636217,-76.5316904,,,,7.0,
137,M-I-PM-31OCT19-ABL2,2019-10-31T18:10:14.246,3.3636217,-76.5316904,,,10.0,,
138,M-I-PM-31OCT19-ABL2,2019-10-31T18:10:15.047,3.363623,-76.5317076,85.0,,,,
139,M-I-PM-31OCT19-ABL2,2019-10-31T18:10:15.073,3.363623,-76.5317076,,,,,54.0
140,M-I-PM-31OCT19-ABL2,2019-10-31T18:10:15.077,3.363623,-76.5317076,,5.0,,7.0,
141,M-I-PM-31OCT19-ABL2,2019-10-31T18:10:15.085,3.363623,-76.5317076,,,10.0,,
142,M-I-PM-31OCT19-ABL2,2019-10-31T18:10:15.949,3.363623,-76.5317076,85.0,,,,
143,M-I-PM-31OCT19-ABL2,2019-10-31T18:10:15.962,3.363623,-76.5317076,,,,,54.0
144,M-I-PM-31OCT19-ABL2,2019-10-31T18:10:16.045,3.363623,-76.5317076,,4.0,,,
145,M-I-PM-31OCT19-ABL2,2019-10-31T18:10:16.047,3.363623,-76.5317076,,,,7.0,
146,M-I-PM-31OCT19-ABL2,2019-10-31T18:10:16.060,3.363623,-76.5317076,,,11.0,,
147,M-I-PM-31OCT19-ABL2,2019-10-31T18:10:16.932,3.3636297,-76.5317231,85.0,,,,
148,M-I-PM-31OCT19-ABL2,2019-10-31T18:10:16.933,3.3636297,-76.5317231,,,,,55.0
149,M-I-PM-31OCT19-ABL2,2019-10-31T18:10:17.037,3.3636297,-76.5317231,,4.0,,,
150,M-I-PM-31OCT19-ABL2,2019-10-31T18:10:17.084,3.3636297,-76.5317231,,,,7.0,
151,M-I-PM-31OCT19-ABL2,2019-10-31T18:10:17.085,3.3636297,-76.5317231,,,11.0,,
152,M-I-PM-31OCT19-ABL2,2019-10-31T18:10:17.931,3.3636366,-76.5317313,85.0,,,,
153,M-I-PM-31OCT19-ABL2,2019-10-31T18:10:17.932,3.3636366,-76.5317313,,,,,54.0
154,M-I-PM-31OCT19-ABL2,2019-10-31T18:10:18.008,3.3636366,-76.5317313,,3.0,,,
155,M-I-PM-31OCT19-ABL2,2019-10-31T18:10:18.035,3.3636366,-76.5317313,,,,6.0,
156,M-I-PM-31OCT19-ABL2,2019-10-31T18:10:18.098,3.3636366,-76.5317313,,,10.0,,
157,M-I-PM-31OCT19-ABL2,2019-10-31T18:10:18.880,3.3636366,-76.5317313,85.0,,,,
158,M-I-PM-31OCT19-ABL2,2019-10-31T18:10:18.908,3.3636366,-76.5317313,,,,,54.0
159,M-I-PM-31OCT19-ABL2,2019-10-31T18:10:18.961,3.3636366,-76.5317313,,3.0,,,
160,M-I-PM-31OCT19-ABL2,2019-10-31T18:10:19.060,3.3636366,-76.5317313,,,,6.0,
161,M-I-PM-31OCT19-ABL2,2019-10-31T18:10:19.065,3.3636366,-76.5317313,,,10.0,,
162,M-I-PM-31OCT19-ABL2,2019-10-31T18:10:19.896,3.3636366,-76.5317313,85.0,,,,
163,M-I-PM-31OCT19-ABL2,2019-10-31T18:10:19.966,3.3636366,-76.5317313,,,,,55.0
164,M-I-PM-31OCT19-ABL2,2019-10-31T18:10:20.048,3.3636366,-76.5317313,,5.0,,,
165,M-I-PM-31OCT19-ABL2,2019-10-31T18:10:20.101,3.3636366,-76.5317313,,,,7.0,
166,M-I-PM-31OCT19-ABL2,2019-10-31T18:10:20.102,3.3636366,-76.5317313,,,11.0,,
167,M-I-PM-31OCT19-ABL2,2019-10-31T18:10:20.870,3.3637127,-76.5317521,85.0,,,,
168,M-I-PM-31OCT19-ABL2,2019-10-31T18:10:20.935,3.3637127,-76.5317521,,,,,54.0
169,M-I-PM-31OCT19-ABL2,2019-10-31T18:10:21.021,3.3637127,-76.5317521,,5.0,,,
170,M-I-PM-31OCT19-ABL2,2019-10-31T18:10:21.042,3.3637127,-76.5317521,,,,7.0,
171,M-I-PM-31OCT19-ABL2,2019-10-31T18:10:21.067,3.3637127,-76.5317521,,,12.0,,
172,M-I-PM-31OCT19-ABL2,2019-10-31T18:10:21.875,3.3637505,-76.5317569,85.0,,,,
173,M-I-PM-31OCT19-ABL2,2019-10-31T18:10:21.951,3.3637505,-76.5317569,,,,,54.0
174,M-I-PM-31OCT19-ABL2,2019-10-31T18:10:22.115,3.3637505,-76.5317569,,5.0,,,
175,M-I-PM-31OCT19-ABL2,2019-10-31T18:10:22.220,3.3637505,-76.5317569,,,,7.0,
176,M-I-PM-31OCT19-ABL2,2019-10-31T18:10:22.248,3.3637505,-76.5317569,,,12.0,,
177,M-I-PM-31OCT19-ABL2,2019-10-31T18:10:22.976,3.3637505,-76.5317569,85.0,,,,
178,M-I-PM-31OCT19-ABL2,2019-10-31T18:10:23.020,3.3637505,-76.5317569,,,,,54.0
179,M-I-PM-31OCT19-ABL2,2019-10-31T18:10:23.043,3.3637505,-76.5317569,,5.0,,,
180,M-I-PM-31OCT19-ABL2,2019-10-31T18:10:23.050,3.3637505,-76.5317569,,,,7.0,
181,M-I-PM-31OCT19-ABL2,2019-10-31T18:10:23.061,3.3637505,-76.5317569,,,11.0,,
182,M-I-PM-31OCT19-ABL2,2019-10-31T18:10:23.892,3.3638114,-76.5317641,85.0,,,,
183,M-I-PM-31OCT19-ABL2,2019-10-31T18:10:23.954,3.3638114,-76.5317641,,,,,54.0
184,M-I-PM-31OCT19-ABL2,2019-10-31T18:10:24.081,3.3638114,-76.5317641,,5.0,,,
185,M-I-PM-31OCT19-ABL2,2019-10-31T18:10:24.082,3.3638114,-76.5317641,,,11.0,7.0,
186,M-I-PM-31OCT19-ABL2,2019-10-31T18:10:24.859,3.3638385,-76.5317681,85.0,,,,
187,M-I-PM-31OCT19-ABL2,2019-10-31T18:10:24.875,3.3638385,-76.5317681,,,,,54.0
188,M-I-PM-31OCT19-ABL2,2019-10-31T18:10:25.017,3.3638385,-76.5317681,,5.0,,,
189,M-I-PM-31OCT19-ABL2,2019-10-31T18:10:25.086,3.3638385,-76.5317681,,,,7.0,
190,M-I-PM-31OCT19-ABL2,2019-10-31T18:10:25.088,3.3638385,-76.5317681,,,11.0,,
191,M-I-PM-31OCT19-ABL2,2019-10-31T18:10:25.883,3.3638385,-76.5317681,85.0,,,,
192,M-I-PM-31OCT19-ABL2,2019-10-31T18:10:25.948,3.3638385,-76.5317681,,,,,54.0
193,M-I-PM-31OCT19-ABL2,2019-10-31T18:10:26.036,3.3638385,-76.5317681,,5.0,,,
194,M-I-PM-31OCT19-ABL2,2019-10-31T18:10:26.085,3.3638385,-76.5317681,,,,7.0,
195,M-I-PM-31OCT19-ABL2,2019-10-31T18:10:26.086,3.3638385,-76.5317681,,,11.0,,
196,M-I-PM-31OCT19-ABL2,2019-10-31T18:10:26.959,3.3638709,-76.531767,85.0,,,,
197,M-I-PM-31OCT19-ABL2,2019-10-31T18:10:26.986,3.3638709,-76.531767,,,,,54.0
198,M-I-PM-31OCT19-ABL2,2019-10-31T18:10:27.041,3.3638709,-76.531767,,5.0,,,
199,M-I-PM-31OCT19-ABL2,2019-10-31T18:10:27.099,3.3638709,-76.531767,,,,7.0,
200,M-I-PM-31OCT19-ABL2,2019-10-31T18:10:27.160,3.3638709,-76.531767,,,10.0,,
201,M-I-PM-31OCT19-ABL2,2019-10-31T18:10:27.919,3.363881,-76.5317676,85.0,,,,
202,M-I-PM-31OCT19-ABL2,2019-10-31T18:10:27.978,3.363881,-76.5317676,,,,,54.0
203,M-I-PM-31OCT19-ABL2,2019-10-31T18:10:28.050,3.363881,-76.5317676,,5.0,,,
204,M-I-PM-31OCT19-ABL2,2019-10-31T18:10:28.051,3.363881,-76.5317676,,,,7.0,
205,M-I-PM-31OCT19-ABL2,2019-10-31T18:10:28.115,3.363881,-76.5317676,,,10.0,,
206,M-I-PM-31OCT19-ABL2,2019-10-31T18:10:28.876,3.3638912,-76.5317663,85.0,,,,
207,M-I-PM-31OCT19-ABL2,2019-10-31T18:10:28.937,3.3638912,-76.5317663,,,,,54.0
208,M-I-PM-31OCT19-ABL2,2019-10-31T18:10:29.003,3.3638912,-76.5317663,,4.0,,,
209,M-I-PM-31OCT19-ABL2,2019-10-31T18:10:29.070,3.3638912,-76.5317663,,,,6.0,
210,M-I-PM-31OCT19-ABL2,2019-10-31T18:10:29.117,3.3638912,-76.5317663,,,9.0,,
211,M-I-PM-31OCT19-ABL2,2019-10-31T18:10:29.878,3.3638912,-76.5317663,85.0,,,,
212,M-I-PM-31OCT19-ABL2,2019-10-31T18:10:29.944,3.3638912,-76.5317663,,,,,54.0
213,M-I-PM-31OCT19-ABL2,2019-10-31T18:10:30.028,3.3638912,-76.5317663,,3.0,,,
214,M-I-PM-31OCT19-ABL2,2019-10-31T18:10:30.029,3.3638912,-76.5317663,,,,6.0,
215,M-I-PM-31OCT19-ABL2,2019-10-31T18:10:30.080,3.3638912,-76.5317663,,,7.0,,
216,M-I-PM-31OCT19-ABL2,2019-10-31T18:10:31.052,3.3639221,-76.5317647,85.0,,,,
217,M-I-PM-31OCT19-ABL2,2019-10-31T18:10:31.080,3.3639221,-76.5317647,,,,,54.0
218,M-I-PM-31OCT19-ABL2,2019-10-31T18:10:31.112,3.3639221,-76.5317647,,3.0,,,
219,M-I-PM-31OCT19-ABL2,2019-10-31T18:10:31.135,3.3639221,-76.5317647,,,,6.0,
220,M-I-PM-31OCT19-ABL2,2019-10-31T18:10:31.136,3.3639221,-76.5317647,,,7.0,,
221,M-I-PM-31OCT19-ABL2,2019-10-31T18:10:31.889,3.3639479,-76.5317614,85.0,,,,
222,M-I-PM-31OCT19-ABL2,2019-10-31T18:10:31.951,3.3639479,-76.5317614,,,,,54.0
223,M-I-PM-31OCT19-ABL2,2019-10-31T18:10:32.017,3.3639479,-76.5317614,,4.0,,,
224,M-I-PM-31OCT19-ABL2,2019-10-31T18:10:32.074,3.3639479,-76.5317614,,,,6.0,
225,M-I-PM-31OCT19-ABL2,2019-10-31T18:10:32.094,3.3639479,-76.5317614,,,8.0,,
226,M-I-PM-31OCT19-ABL2,2019-10-31T18:10:32.866,3.3639479,-76.5317614,85.0,,,,
227,M-I-PM-31OCT19-ABL2,2019-10-31T18:10:32.935,3.3639479,-76.5317614,,,,,54.0
228,M-I-PM-31OCT19-ABL2,2019-10-31T18:10:33.006,3.3639479,-76.5317614,,4.0,,,
229,M-I-PM-31OCT19-ABL2,2019-10-31T18:10:33.052,3.3639479,-76.5317614,,,,6.0,
230,M-I-PM-31OCT19-ABL2,2019-10-31T18:10:33.070,3.3639479,-76.5317614,,,8.0,,
231,M-I-PM-31OCT19-ABL2,2019-10-31T18:10:33.848,3.3639978,-76.5317577,85.0,,,,
232,M-I-PM-31OCT19-ABL2,2019-10-31T18:10:33.977,3.3639978,-76.5317577,,,,,54.0
233,M-I-PM-31OCT19-ABL2,2019-10-31T18:10:33.978,3.3639978,-76.5317577,,4.0,,,
234,M-I-PM-31OCT19-ABL2,2019-10-31T18:10:34.047,3.3639978,-76.5317577,,,,6.0,
235,M-I-PM-31OCT19-ABL2,2019-10-31T18:10:34.096,3.3639978,-76.5317577,,,7.0,,
236,M-I-PM-31OCT19-ABL2,2019-10-31T18:10:35.028,3.3640092,-76.531755,85.0,,,,
237,M-I-PM-31OCT19-ABL2,2019-10-31T18:10:35.082,3.3640092,-76.531755,,,,,55.0
238,M-I-PM-31OCT19-ABL2,2019-10-31T18:10:35.143,3.3640092,-76.531755,,4.0,,,
239,M-I-PM-31OCT19-ABL2,2019-10-31T18:10:35.145,3.3640092,-76.531755,,,,7.0,
240,M-I-PM-31OCT19-ABL2,2019-10-31T18:10:35.176,3.3640092,-76.531755,,,8.0,,
241,M-I-PM-31OCT19-ABL2,2019-10-31T18:10:35.924,3.3640092,-76.531755,85.0,,,,
242,M-I-PM-31OCT19-ABL2,2019-10-31T18:10:36.010,3.3640092,-76.531755,,,,,54.0
243,M-I-PM-31OCT19-ABL2,2019-10-31T18:10:36.018,3.3640092,-76.531755,,4.0,,,
244,M-I-PM-31OCT19-ABL2,2019-10-31T18:10:36.079,3.3640092,-76.531755,,,,7.0,
245,M-I-PM-31OCT19-ABL2,2019-10-31T18:10:36.081,3.3640092,-76.531755,,,8.0,,
246,M-I-PM-31OCT19-ABL2,2019-10-31T18:10:36.898,3.3640095,-76.5317501,85.0,,,,
247,M-I-PM-31OCT19-ABL2,2019-10-31T18:10:36.944,3.3640095,-76.5317501,,,,,54.0
248,M-I-PM-31OCT19-ABL2,2019-10-31T18:10:37.028,3.3640095,-76.5317501,,4.0,,,
249,M-I-PM-31OCT19-ABL2,2019-10-31T18:10:37.077,3.3640095,-76.5317501,,,,7.0,
250,M-I-PM-31OCT19-ABL2,2019-10-31T18:10:37.082,3.3640095,-76.5317501,,,8.0,,
251,M-I-PM-31OCT19-ABL2,2019-10-31T18:10:37.902,3.3640078,-76.5317481,85.0,,,,
252,M-I-PM-31OCT19-ABL2,2019-10-31T18:10:37.904,3.3640078,-76.5317481,,,,,55.0
253,M-I-PM-31OCT19-ABL2,2019-10-31T18:10:38.034,3.3640078,-76.5317481,,3.0,,,
254,M-I-PM-31OCT19-ABL2,2019-10-31T18:10:38.059,3.3640078,-76.5317481,,,,6.0,
255,M-I-PM-31OCT19-ABL2,2019-10-31T18:10:38.070,3.3640078,-76.5317481,,,7.0,,
256,M-I-PM-31OCT19-ABL2,2019-10-31T18:10:38.995,3.3640078,-76.5317481,85.0,,,,
257,M-I-PM-31OCT19-ABL2,2019-10-31T18:10:39.026,3.3640078,-76.5317481,,,,,55.0
258,M-I-PM-31OCT19-ABL2,2019-10-31T18:10:39.082,3.3640078,-76.5317481,,3.0,,,
259,M-I-PM-31OCT19-ABL2,2019-10-31T18:10:39.107,3.3640078,-76.5317481,,,,6.0,
260,M-I-PM-31OCT19-ABL2,2019-10-31T18:10:39.162,3.3640078,-76.5317481,,,7.0,,
261,M-I-PM-31OCT19-ABL2,2019-10-31T18:10:39.893,3.3640004,-76.5317438,85.0,,,,
262,M-I-PM-31OCT19-ABL2,2019-10-31T18:10:39.918,3.3640004,-76.5317438,,,,,55.0
263,M-I-PM-31OCT19-ABL2,2019-10-31T18:10:40.118,3.3640004,-76.5317438,,3.0,,,
264,M-I-PM-31OCT19-ABL2,2019-10-31T18:10:40.119,3.3640004,-76.5317438,,,,6.0,
265,M-I-PM-31OCT19-ABL2,2019-10-31T18:10:40.120,3.3640004,-76.5317438,,,7.0,,
266,M-I-PM-31OCT19-ABL2,2019-10-31T18:10:40.893,3.3640004,-76.5317438,85.0,,,,
267,M-I-PM-31OCT19-ABL2,2019-10-31T18:10:40.977,3.3640004,-76.5317438,,,,,55.0
268,M-I-PM-31OCT19-ABL2,2019-10-31T18:10:40.979,3.3640004,-76.5317438,,3.0,,,
269,M-I-PM-31OCT19-ABL2,2019-10-31T18:10:41.045,3.3640004,-76.5317438,,,,6.0,
270,M-I-PM-31OCT19-ABL2,2019-10-31T18:10:41.059,3.3640004,-76.5317438,,,7.0,,
271,M-I-PM-31OCT19-ABL2,2019-10-31T18:10:41.873,3.3640023,-76.531741,85.0,,,,
272,M-I-PM-31OCT19-ABL2,2019-10-31T18:10:41.924,3.3640023,-76.531741,,,,,54.0
273,M-I-PM-31OCT19-ABL2,2019-10-31T18:10:41.973,3.3640023,-76.531741,,4.0,,,
274,M-I-PM-31OCT19-ABL2,2019-10-31T18:10:42.043,3.3640023,-76.531741,,,,6.0,
275,M-I-PM-31OCT19-ABL2,2019-10-31T18:10:42.085,3.3640023,-76.531741,,,7.0,,
276,M-I-PM-31OCT19-ABL2,2019-10-31T18:10:43.034,3.3640072,-76.5317412,85.0,,,,
277,M-I-PM-31OCT19-ABL2,2019-10-31T18:10:43.077,3.3640072,-76.5317412,,,,,55.0
278,M-I-PM-31OCT19-ABL2,2019-10-31T18:10:43.122,3.3640072,-76.5317412,,4.0,,,
279,M-I-PM-31OCT19-ABL2,2019-10-31T18:10:43.150,3.3640072,-76.5317412,,,,6.0,
280,M-I-PM-31OCT19-ABL2,2019-10-31T18:10:43.204,3.3640072,-76.5317412,,,7.0,,
281,M-I-PM-31OCT19-ABL2,2019-10-31T18:10:43.857,3.3640072,-76.5317412,85.0,,,,
282,M-I-PM-31OCT19-ABL2,2019-10-31T18:10:43.922,3.3640072,-76.5317412,,,,,55.0
283,M-I-PM-31OCT19-ABL2,2019-10-31T18:10:43.981,3.3640072,-76.5317412,,4.0,,,
284,M-I-PM-31OCT19-ABL2,2019-10-31T18:10:44.060,3.3640072,-76.5317412,,,,7.0,
285,M-I-PM-31OCT19-ABL2,2019-10-31T18:10:44.064,3.3640072,-76.5317412,,,8.0,,
286,M-I-PM-31OCT19-ABL2,2019-10-31T18:10:44.924,3.3640315,-76.5317451,85.0,,,,
287,M-I-PM-31OCT19-ABL2,2019-10-31T18:10:44.927,3.3640315,-76.5317451,,,,,55.0
288,M-I-PM-31OCT19-ABL2,2019-10-31T18:10:45.022,3.3640315,-76.5317451,,4.0,,,
289,M-I-PM-31OCT19-ABL2,2019-10-31T18:10:45.036,3.3640315,-76.5317451,,,,7.0,
290,M-I-PM-31OCT19-ABL2,2019-10-31T18:10:45.115,3.3640315,-76.5317451,,,8.0,,
291,M-I-PM-31OCT19-ABL2,2019-10-31T18:10:45.905,3.3640474,-76.5317474,85.0,,,,
292,M-I-PM-31OCT19-ABL2,2019-10-31T18:10:46.002,3.3640474,-76.5317474,,,,,55.0
293,M-I-PM-31OCT19-ABL2,2019-10-31T18:10:46.005,3.3640474,-76.5317474,,4.0,,,
294,M-I-PM-31OCT19-ABL2,2019-10-31T18:10:46.059,3.3640474,-76.5317474,,,,7.0,
295,M-I-PM-31OCT19-ABL2,2019-10-31T18:10:46.070,3.3640474,-76.5317474,,,8.0,,
296,M-I-PM-31OCT19-ABL2,2019-10-31T18:10:47.035,3.3640474,-76.5317474,85.0,,,,
297,M-I-PM-31OCT19-ABL2,2019-10-31T18:10:47.087,3.3640474,-76.5317474,,,,,55.0
298,M-I-PM-31OCT19-ABL2,2019-10-31T18:10:47.091,3.3640474,-76.5317474,,4.0,,,
299,M-I-PM-31OCT19-ABL2,2019-10-31T18:10:47.113,3.3640474,-76.5317474,,,,7.0,
300,M-I-PM-31OCT19-ABL2,2019-10-31T18:10:47.207,3.3640474,-76.5317474,,,8.0,,
301,M-I-PM-31OCT19-ABL2,2019-10-31T18:10:47.990,3.3640576,-76.5317481,85.0,,,,
302,M-I-PM-31OCT19-ABL2,2019-10-31T18:10:47.995,3.3640576,-76.5317481,,4.0,,,55.0
303,M-I-PM-31OCT19-ABL2,2019-10-31T18:10:48.061,3.3640576,-76.5317481,,,,7.0,
304,M-I-PM-31OCT19-ABL2,2019-10-31T18:10:48.065,3.3640576,-76.5317481,,,8.0,,
305,M-I-PM-31OCT19-ABL2,2019-10-31T18:10:48.892,3.3640626,-76.5317445,85.0,,,,
306,M-I-PM-31OCT19-ABL2,2019-10-31T18:10:48.993,3.3640626,-76.5317445,,,,,55.0
307,M-I-PM-31OCT19-ABL2,2019-10-31T18:10:49.065,3.3640626,-76.5317445,,4.0,,,
308,M-I-PM-31OCT19-ABL2,2019-10-31T18:10:49.066,3.3640626,-76.5317445,,,,7.0,
309,M-I-PM-31OCT19-ABL2,2019-10-31T18:10:49.085,3.3640626,-76.5317445,,,8.0,,
310,M-I-PM-31OCT19-ABL2,2019-10-31T18:10:49.879,3.3640626,-76.5317445,85.0,,,,
311,M-I-PM-31OCT19-ABL2,2019-10-31T18:10:49.946,3.3640626,-76.5317445,,,,,55.0
312,M-I-PM-31OCT19-ABL2,2019-10-31T18:10:50.006,3.3640676,-76.5317461,,3.0,,,
313,M-I-PM-31OCT19-ABL2,2019-10-31T18:10:50.091,3.3640676,-76.5317461,,,,6.0,
314,M-I-PM-31OCT19-ABL2,2019-10-31T18:10:50.094,3.3640676,-76.5317461,,,7.0,,
315,M-I-PM-31OCT19-ABL2,2019-10-31T18:10:50.937,3.3640676,-76.5317461,85.0,,,,
316,M-I-PM-31OCT19-ABL2,2019-10-31T18:10:50.988,3.3640676,-76.5317461,,,,,55.0
317,M-I-PM-31OCT19-ABL2,2019-10-31T18:10:51.053,3.3640676,-76.5317461,,3.0,,,
318,M-I-PM-31OCT19-ABL2,2019-10-31T18:10:51.084,3.3640676,-76.5317461,,,,7.0,
319,M-I-PM-31OCT19-ABL2,2019-10-31T18:10:51.107,3.3640676,-76.5317461,,,8.0,,
320,M-I-PM-31OCT19-ABL2,2019-10-31T18:10:51.905,3.3640759,-76.5317478,85.0,,,,
321,M-I-PM-31OCT19-ABL2,2019-10-31T18:10:51.949,3.3640759,-76.5317478,,,,,55.0
322,M-I-PM-31OCT19-ABL2,2019-10-31T18:10:52.042,3.3640759,-76.5317478,,3.0,,,
323,M-I-PM-31OCT19-ABL2,2019-10-31T18:10:52.064,3.3640759,-76.5317478,,,,7.0,
324,M-I-PM-31OCT19-ABL2,2019-10-31T18:10:52.077,3.3640759,-76.5317478,,,8.0,,
325,M-I-PM-31OCT19-ABL2,2019-10-31T18:10:52.888,3.3640759,-76.5317478,85.0,,,,
326,M-I-PM-31OCT19-ABL2,2019-10-31T18:10:52.954,3.3640759,-76.5317478,,,,,55.0
327,M-I-PM-31OCT19-ABL2,2019-10-31T18:10:53.067,3.3640759,-76.5317478,,4.0,,,
328,M-I-PM-31OCT19-ABL2,2019-10-31T18:10:53.069,3.3640759,-76.5317478,,,,6.0,
329,M-I-PM-31OCT19-ABL2,2019-10-31T18:10:53.070,3.3640759,-76.5317478,,,7.0,,
330,M-I-PM-31OCT19-ABL2,2019-10-31T18:10:53.879,3.3640853,-76.5317497,85.0,,,,
331,M-I-PM-31OCT19-ABL2,2019-10-31T18:10:53.932,3.3640853,-76.5317497,,,,,55.0
332,M-I-PM-31OCT19-ABL2,2019-10-31T18:10:54.038,3.3640853,-76.5317497,,4.0,,,
333,M-I-PM-31OCT19-ABL2,2019-10-31T18:10:54.085,3.3640853,-76.5317497,,,,6.0,
334,M-I-PM-31OCT19-ABL2,2019-10-31T18:10:54.087,3.3640853,-76.5317497,,,7.0,,
335,M-I-PM-31OCT19-ABL2,2019-10-31T18:10:54.939,3.3640877,-76.5317499,85.0,,,,
336,M-I-PM-31OCT19-ABL2,2019-10-31T18:10:54.942,3.3640877,-76.5317499,,,,,55.0
337,M-I-PM-31OCT19-ABL2,2019-10-31T18:10:55.081,3.3640877,-76.5317499,,4.0,,,
338,M-I-PM-31OCT19-ABL2,2019-10-31T18:10:55.183,3.3640877,-76.5317499,,,,6.0,
339,M-I-PM-31OCT19-ABL2,2019-10-31T18:10:55.215,3.3640877,-76.5317499,,,7.0,,
340,M-I-PM-31OCT19-ABL2,2019-10-31T18:10:55.871,3.3640877,-76.5317499,85.0,,,,
341,M-I-PM-31OCT19-ABL2,2019-10-31T18:10:55.900,3.3640877,-76.5317499,,,,,55.0
342,M-I-PM-31OCT19-ABL2,2019-10-31T18:10:55.954,3.3640877,-76.5317499,,3.0,,,
343,M-I-PM-31OCT19-ABL2,2019-10-31T18:10:56.032,3.3640877,-76.5317499,,,,6.0,
344,M-I-PM-31OCT19-ABL2,2019-10-31T18:10:56.073,3.3640877,-76.5317499,,,7.0,,
345,M-I-PM-31OCT19-ABL2,2019-10-31T18:10:56.935,3.3640909,-76.5317502,85.0,,,,
346,M-I-PM-31OCT19-ABL2,2019-10-31T18:10:56.936,3.3640909,-76.5317502,,,,,55.0
347,M-I-PM-31OCT19-ABL2,2019-10-31T18:10:57.024,3.3640909,-76.5317502,,3.0,,,
348,M-I-PM-31OCT19-ABL2,2019-10-31T18:10:57.079,3.3640909,-76.5317502,,,,6.0,
349,M-I-PM-31OCT19-ABL2,2019-10-31T18:10:57.080,3.3640909,-76.5317502,,,7.0,,
350,M-I-PM-31OCT19-ABL2,2019-10-31T18:10:57.967,3.3640909,-76.5317502,85.0,,,,
351,M-I-PM-31OCT19-ABL2,2019-10-31T18:10:57.968,3.3640909,-76.5317502,,,,,55.0
352,M-I-PM-31OCT19-ABL2,2019-10-31T18:10:58.058,3.3640909,-76.5317502,,4.0,,,
353,M-I-PM-31OCT19-ABL2,2019-10-31T18:10:58.061,3.3640909,-76.5317502,,,8.0,7.0,
354,M-I-PM-31OCT19-ABL2,2019-10-31T18:10:58.894,3.3640922,-76.5317485,85.0,,,,
355,M-I-PM-31OCT19-ABL2,2019-10-31T18:10:58.980,3.3640922,-76.5317485,,,,,55.0
356,M-I-PM-31OCT19-ABL2,2019-10-31T18:10:59.092,3.3640922,-76.5317485,,4.0,,,
357,M-I-PM-31OCT19-ABL2,2019-10-31T18:10:59.095,3.3640922,-76.5317485,,,,7.0,
358,M-I-PM-31OCT19-ABL2,2019-10-31T18:10:59.096,3.3640922,-76.5317485,,,8.0,,
359,M-I-PM-31OCT19-ABL2,2019-10-31T18:11:00.020,3.3640922,-76.5317485,85.0,,,,
360,M-I-PM-31OCT19-ABL2,2019-10-31T18:11:00.048,3.3640922,-76.5317485,,,,,55.0
361,M-I-PM-31OCT19-ABL2,2019-10-31T18:11:00.074,3.3640922,-76.5317485,,4.0,,7.0,
362,M-I-PM-31OCT19-ABL2,2019-10-31T18:11:00.153,3.3640922,-76.5317485,,,8.0,,
363,M-I-PM-31OCT19-ABL2,2019-10-31T18:11:00.939,3.3640929,-76.5317481,85.0,,,,
364,M-I-PM-31OCT19-ABL2,2019-10-31T18:11:00.942,3.3640929,-76.5317481,,,,,55.0
365,M-I-PM-31OCT19-ABL2,2019-10-31T18:11:01.035,3.3640929,-76.5317481,,4.0,,,
366,M-I-PM-31OCT19-ABL2,2019-10-31T18:11:01.088,3.3640929,-76.5317481,,,,7.0,
367,M-I-PM-31OCT19-ABL2,2019-10-31T18:11:01.089,3.3640929,-76.5317481,,,8.0,,
368,M-I-PM-31OCT19-ABL2,2019-10-31T18:11:01.892,3.3640929,-76.5317481,85.0,,,,
369,M-I-PM-31OCT19-ABL2,2019-10-31T18:11:01.894,3.3640929,-76.5317481,,,,,55.0
370,M-I-PM-31OCT19-ABL2,2019-10-31T18:11:02.002,3.3640929,-76.5317481,,4.0,,,
371,M-I-PM-31OCT19-ABL2,2019-10-31T18:11:02.065,3.3640929,-76.5317481,,,,6.0,
372,M-I-PM-31OCT19-ABL2,2019-10-31T18:11:02.069,3.3640929,-76.5317481,,,8.0,,
373,M-I-PM-31OCT19-ABL2,2019-10-31T18:11:02.912,3.3640926,-76.5317487,85.0,,,,
374,M-I-PM-31OCT19-ABL2,2019-10-31T18:11:02.996,3.3640926,-76.5317487,,,,,55.0
375,M-I-PM-31OCT19-ABL2,2019-10-31T18:11:03.086,3.3640926,-76.5317487,,3.0,,,
376,M-I-PM-31OCT19-ABL2,2019-10-31T18:11:03.087,3.3640926,-76.5317487,,,,6.0,
377,M-I-PM-31OCT19-ABL2,2019-10-31T18:11:03.089,3.3640926,-76.5317487,,,8.0,,
378,M-I-PM-31OCT19-ABL2,2019-10-31T18:11:03.960,3.3640922,-76.5317489,85.0,,,,
379,M-I-PM-31OCT19-ABL2,2019-10-31T18:11:03.991,3.3640922,-76.5317489,,,,,55.0
380,M-I-PM-31OCT19-ABL2,2019-10-31T18:11:04.047,3.3640922,-76.5317489,,3.0,,,
381,M-I-PM-31OCT19-ABL2,2019-10-31T18:11:04.101,3.3640922,-76.5317489,,,,6.0,
382,M-I-PM-31OCT19-ABL2,2019-10-31T18:11:04.154,3.3640922,-76.5317489,,,9.0,,
383,M-I-PM-31OCT19-ABL2,2019-10-31T18:11:04.935,3.3640922,-76.5317489,85.0,,,,
384,M-I-PM-31OCT19-ABL2,2019-10-31T18:11:04.936,3.3640922,-76.5317489,,,,,55.0
385,M-I-PM-31OCT19-ABL2,2019-10-31T18:11:05.008,3.3640922,-76.5317489,,3.0,,,
386,M-I-PM-31OCT19-ABL2,2019-10-31T18:11:05.055,3.3640922,-76.5317489,,,,6.0,
387,M-I-PM-31OCT19-ABL2,2019-10-31T18:11:05.085,3.3640922,-76.5317489,,,10.0,,
388,M-I-PM-31OCT19-ABL2,2019-10-31T18:11:05.851,3.3640959,-76.5317477,85.0,,,,
389,M-I-PM-31OCT19-ABL2,2019-10-31T18:11:05.920,3.3640959,-76.5317477,,,,,55.0
390,M-I-PM-31OCT19-ABL2,2019-10-31T18:11:05.986,3.3640959,-76.5317477,,3.0,,,
391,M-I-PM-31OCT19-ABL2,2019-10-31T18:11:06.052,3.3640959,-76.5317477,,,,6.0,
392,M-I-PM-31OCT19-ABL2,2019-10-31T18:11:06.102,3.3640959,-76.5317477,,,10.0,,
393,M-I-PM-31OCT19-ABL2,2019-10-31T18:11:06.891,3.3640959,-76.5317477,85.0,,,,
394,M-I-PM-31OCT19-ABL2,2019-10-31T18:11:06.984,3.3640959,-76.5317477,,,,,55.0
395,M-I-PM-31OCT19-ABL2,2019-10-31T18:11:07.067,3.3640959,-76.5317477,,3.0,,,
396,M-I-PM-31OCT19-ABL2,2019-10-31T18:11:07.069,3.3640959,-76.5317477,,,,6.0,
397,M-I-PM-31OCT19-ABL2,2019-10-31T18:11:07.100,3.3640959,-76.5317477,,,11.0,,
398,M-I-PM-31OCT19-ABL2,2019-10-31T18:11:08.043,3.3641178,-76.5317319,85.0,,,,
399,M-I-PM-31OCT19-ABL2,2019-10-31T18:11:08.102,3.3641178,-76.5317319,,,,,55.0
400,M-I-PM-31OCT19-ABL2,2019-10-31T18:11:08.133,3.3641178,-76.5317319,,3.0,11.0,6.0,
401,M-I-PM-31OCT19-ABL2,2019-10-31T18:11:08.909,3.3641424,-76.5317105,85.0,,,,
402,M-I-PM-31OCT19-ABL2,2019-10-31T18:11:08.911,3.3641424,-76.5317105,,,,,55.0
403,M-I-PM-31OCT19-ABL2,2019-10-31T18:11:09.058,3.3641424,-76.5317105,,3.0,,,
404,M-I-PM-31OCT19-ABL2,2019-10-31T18:11:09.059,3.3641424,-76.5317105,,,,6.0,
405,M-I-PM-31OCT19-ABL2,2019-10-31T18:11:09.076,3.3641424,-76.5317105,,,11.0,,
406,M-I-PM-31OCT19-ABL2,2019-10-31T18:11:09.885,3.3641424,-76.5317105,85.0,,,,
407,M-I-PM-31OCT19-ABL2,2019-10-31T18:11:10.037,3.3641424,-76.5317105,,,,,55.0
408,M-I-PM-31OCT19-ABL2,2019-10-31T18:11:10.053,3.3641424,-76.5317105,,3.0,,,
409,M-I-PM-31OCT19-ABL2,2019-10-31T18:11:10.058,3.3641424,-76.5317105,,,,6.0,
410,M-I-PM-31OCT19-ABL2,2019-10-31T18:11:10.074,3.3641424,-76.5317105,,,11.0,,
411,M-I-PM-31OCT19-ABL2,2019-10-31T18:11:10.892,3.364221,-76.5316444,85.0,,,,
412,M-I-PM-31OCT19-ABL2,2019-10-31T18:11:11.008,3.364221,-76.5316444,,,,,55.0
413,M-I-PM-31OCT19-ABL2,2019-10-31T18:11:11.010,3.364221,-76.5316444,,4.0,,,
414,M-I-PM-31OCT19-ABL2,2019-10-31T18:11:11.059,3.364221,-76.5316444,,,,7.0,
415,M-I-PM-31OCT19-ABL2,2019-10-31T18:11:11.071,3.364221,-76.5316444,,,13.0,,
416,M-I-PM-31OCT19-ABL2,2019-10-31T18:11:11.941,3.364221,-76.5316444,85.0,,,,
417,M-I-PM-31OCT19-ABL2,2019-10-31T18:11:12.004,3.364221,-76.5316444,,,,,55.0
418,M-I-PM-31OCT19-ABL2,2019-10-31T18:11:12.058,3.364221,-76.5316444,,4.0,,,
419,M-I-PM-31OCT19-ABL2,2019-10-31T18:11:12.087,3.364221,-76.5316444,,,,7.0,
420,M-I-PM-31OCT19-ABL2,2019-10-31T18:11:12.115,3.364221,-76.5316444,,,12.0,,
421,M-I-PM-31OCT19-ABL2,2019-10-31T18:11:12.888,3.3643341,-76.5315636,85.0,,,,
422,M-I-PM-31OCT19-ABL2,2019-10-31T18:11:12.939,3.3643341,-76.5315636,,,,,55.0
423,M-I-PM-31OCT19-ABL2,2019-10-31T18:11:13.026,3.3643341,-76.5315636,,4.0,,,
424,M-I-PM-31OCT19-ABL2,2019-10-31T18:11:13.097,3.3643341,-76.5315636,,,,7.0,
425,M-I-PM-31OCT19-ABL2,2019-10-31T18:11:13.100,3.3643341,-76.5315636,,,12.0,,
426,M-I-PM-31OCT19-ABL2,2019-10-31T18:11:13.870,3.3643679,-76.531541,85.0,,,,
427,M-I-PM-31OCT19-ABL2,2019-10-31T18:11:13.939,3.3643679,-76.531541,,,,,55.0
428,M-I-PM-31OCT19-ABL2,2019-10-31T18:11:14.012,3.3643679,-76.531541,,3.0,,,
429,M-I-PM-31OCT19-ABL2,2019-10-31T18:11:14.076,3.3643679,-76.531541,,,,6.0,
430,M-I-PM-31OCT19-ABL2,2019-10-31T18:11:14.100,3.3643679,-76.531541,,,11.0,,
431,M-I-PM-31OCT19-ABL2,2019-10-31T18:11:14.981,3.3643679,-76.531541,85.0,,,,
432,M-I-PM-31OCT19-ABL2,2019-10-31T18:11:14.982,3.3643679,-76.531541,,,,,55.0
433,M-I-PM-31OCT19-ABL2,2019-10-31T18:11:15.053,3.3643679,-76.531541,,3.0,,,
434,M-I-PM-31OCT19-ABL2,2019-10-31T18:11:15.055,3.3643679,-76.531541,,,,6.0,
435,M-I-PM-31OCT19-ABL2,2019-10-31T18:11:15.069,3.3643679,-76.531541,,,11.0,,
436,M-I-PM-31OCT19-ABL2,2019-10-31T18:11:16.012,3.3644646,-76.5314802,85.0,,,,
437,M-I-PM-31OCT19-ABL2,2019-10-31T18:11:16.048,3.3644646,-76.5314802,,,,,55.0
438,M-I-PM-31OCT19-ABL2,2019-10-31T18:11:16.091,3.3644646,-76.5314802,,3.0,,,
439,M-I-PM-31OCT19-ABL2,2019-10-31T18:11:16.146,3.3644646,-76.5314802,,,,6.0,
440,M-I-PM-31OCT19-ABL2,2019-10-31T18:11:16.174,3.3644646,-76.5314802,,,11.0,,
441,M-I-PM-31OCT19-ABL2,2019-10-31T18:11:16.881,3.3644646,-76.5314802,85.0,,,,
442,M-I-PM-31OCT19-ABL2,2019-10-31T18:11:16.971,3.3644646,-76.5314802,,,,,55.0
443,M-I-PM-31OCT19-ABL2,2019-10-31T18:11:17.055,3.3644646,-76.5314802,,3.0,,,
444,M-I-PM-31OCT19-ABL2,2019-10-31T18:11:17.056,3.3644646,-76.5314802,,,,6.0,
445,M-I-PM-31OCT19-ABL2,2019-10-31T18:11:17.074,3.3644646,-76.5314802,,,11.0,,
446,M-I-PM-31OCT19-ABL2,2019-10-31T18:11:17.868,3.3645688,-76.5314174,85.0,,,,
447,M-I-PM-31OCT19-ABL2,2019-10-31T18:11:17.933,3.3645688,-76.5314174,,,,,55.0
448,M-I-PM-31OCT19-ABL2,2019-10-31T18:11:17.996,3.3645688,-76.5314174,,3.0,,,
449,M-I-PM-31OCT19-ABL2,2019-10-31T18:11:18.074,3.3645688,-76.5314174,,,,6.0,
450,M-I-PM-31OCT19-ABL2,2019-10-31T18:11:18.079,3.3645688,-76.5314174,,,11.0,,
451,M-I-PM-31OCT19-ABL2,2019-10-31T18:11:18.921,3.3646083,-76.5313881,85.0,,,,
452,M-I-PM-31OCT19-ABL2,2019-10-31T18:11:18.989,3.3646083,-76.5313881,,,,,55.0
453,M-I-PM-31OCT19-ABL2,2019-10-31T18:11:18.993,3.3646083,-76.5313881,,3.0,,,
454,M-I-PM-31OCT19-ABL2,2019-10-31T18:11:19.041,3.3646083,-76.5313881,,,,6.0,
455,M-I-PM-31OCT19-ABL2,2019-10-31T18:11:19.092,3.3646083,-76.5313881,,,10.0,,
456,M-I-PM-31OCT19-ABL2,2019-10-31T18:11:20.035,3.3646452,-76.5313626,85.0,,,,
457,M-I-PM-31OCT19-ABL2,2019-10-31T18:11:20.063,3.3646452,-76.5313626,,,,,55.0
458,M-I-PM-31OCT19-ABL2,2019-10-31T18:11:20.108,3.3646452,-76.5313626,,3.0,,,
459,M-I-PM-31OCT19-ABL2,2019-10-31T18:11:20.163,3.3646452,-76.5313626,,,,6.0,
460,M-I-PM-31OCT19-ABL2,2019-10-31T18:11:20.221,3.3646452,-76.5313626,,,10.0,,
461,M-I-PM-31OCT19-ABL2,2019-10-31T18:11:20.869,3.3646452,-76.5313626,85.0,,,,
462,M-I-PM-31OCT19-ABL2,2019-10-31T18:11:20.927,3.3646452,-76.5313626,,,,,55.0
463,M-I-PM-31OCT19-ABL2,2019-10-31T18:11:21.010,3.3646452,-76.5313626,,3.0,,,
464,M-I-PM-31OCT19-ABL2,2019-10-31T18:11:21.080,3.3646452,-76.5313626,,,,6.0,
465,M-I-PM-31OCT19-ABL2,2019-10-31T18:11:21.089,3.3646452,-76.5313626,,,10.0,,
466,M-I-PM-31OCT19-ABL2,2019-10-31T18:11:21.929,3.3647184,-76.5313219,85.0,,,,
467,M-I-PM-31OCT19-ABL2,2019-10-31T18:11:21.992,3.3647184,-76.5313219,,,,,54.0
468,M-I-PM-31OCT19-ABL2,2019-10-31T18:11:21.995,3.3647184,-76.5313219,,3.0,,,
469,M-I-PM-31OCT19-ABL2,2019-10-31T18:11:22.061,3.3647184,-76.5313219,,,,6.0,
470,M-I-PM-31OCT19-ABL2,2019-10-31T18:11:22.064,3.3647184,-76.5313219,,,10.0,,
471,M-I-PM-31OCT19-ABL2,2019-10-31T18:11:22.833,3.3647184,-76.5313219,85.0,,,,
472,M-I-PM-31OCT19-ABL2,2019-10-31T18:11:22.933,3.3647184,-76.5313219,,,,,54.0
473,M-I-PM-31OCT19-ABL2,2019-10-31T18:11:22.985,3.3647184,-76.5313219,,4.0,,,
474,M-I-PM-31OCT19-ABL2,2019-10-31T18:11:23.057,3.3647184,-76.5313219,,,,7.0,
475,M-I-PM-31OCT19-ABL2,2019-10-31T18:11:23.060,3.3647184,-76.5313219,,,10.0,,
476,M-I-PM-31OCT19-ABL2,2019-10-31T18:11:23.875,3.3647879,-76.5312917,85.0,,,,
477,M-I-PM-31OCT19-ABL2,2019-10-31T18:11:23.900,3.3647879,-76.5312917,,,,,54.0
478,M-I-PM-31OCT19-ABL2,2019-10-31T18:11:24.007,3.3647879,-76.5312917,,4.0,,,
479,M-I-PM-31OCT19-ABL2,2019-10-31T18:11:24.035,3.3647879,-76.5312917,,,,7.0,
480,M-I-PM-31OCT19-ABL2,2019-10-31T18:11:24.104,3.3647879,-76.5312917,,,10.0,,
481,M-I-PM-31OCT19-ABL2,2019-10-31T18:11:24.870,3.3647879,-76.5312917,85.0,,,,
482,M-I-PM-31OCT19-ABL2,2019-10-31T18:11:24.938,3.3647879,-76.5312917,,,,,54.0
483,M-I-PM-31OCT19-ABL2,2019-10-31T18:11:25.070,3.3647879,-76.5312917,,4.0,,,
484,M-I-PM-31OCT19-ABL2,2019-10-31T18:11:25.077,3.3647879,-76.5312917,,,,6.0,
485,M-I-PM-31OCT19-ABL2,2019-10-31T18:11:25.079,3.3647879,-76.5312917,,,8.0,,
486,M-I-PM-31OCT19-ABL2,2019-10-31T18:11:25.871,3.3648436,-76.5312585,85.0,,,,
487,M-I-PM-31OCT19-ABL2,2019-10-31T18:11:25.926,3.3648436,-76.5312585,,,,,54.0
488,M-I-PM-31OCT19-ABL2,2019-10-31T18:11:25.995,3.3648436,-76.5312585,,3.0,,,
489,M-I-PM-31OCT19-ABL2,2019-10-31T18:11:26.058,3.3648436,-76.5312585,,,,6.0,
490,M-I-PM-31OCT19-ABL2,2019-10-31T18:11:26.104,3.3648436,-76.5312585,,,8.0,,
491,M-I-PM-31OCT19-ABL2,2019-10-31T18:11:26.887,3.3648698,-76.5312406,85.0,,,,
492,M-I-PM-31OCT19-ABL2,2019-10-31T18:11:27.005,3.3648698,-76.5312406,,,,,55.0
493,M-I-PM-31OCT19-ABL2,2019-10-31T18:11:27.007,3.3648698,-76.5312406,,3.0,,,
494,M-I-PM-31OCT19-ABL2,2019-10-31T18:11:27.064,3.3648698,-76.5312406,,,,6.0,
495,M-I-PM-31OCT19-ABL2,2019-10-31T18:11:27.069,3.3648698,-76.5312406,,,8.0,,
496,M-I-PM-31OCT19-ABL2,2019-10-31T18:11:28.071,3.3648698,-76.5312406,85.0,,,,
497,M-I-PM-31OCT19-ABL2,2019-10-31T18:11:28.158,3.3648698,-76.5312406,,,,,54.0
498,M-I-PM-31OCT19-ABL2,2019-10-31T18:11:28.211,3.3648698,-76.5312406,,3.0,7.0,6.0,
499,M-I-PM-31OCT19-ABL2,2019-10-31T18:11:28.892,3.3649028,-76.5312138,85.0,,,,
500,M-I-PM-31OCT19-ABL2,2019-10-31T18:11:28.894,3.3649028,-76.5312138,,,,,54.0
501,M-I-PM-31OCT19-ABL2,2019-10-31T18:11:29.018,3.3649028,-76.5312138,,3.0,,,
502,M-I-PM-31OCT19-ABL2,2019-10-31T18:11:29.085,3.3649028,-76.5312138,,,,6.0,
503,M-I-PM-31OCT19-ABL2,2019-10-31T18:11:29.085,3.3649028,-76.5312138,,,7.0,,
504,M-I-PM-31OCT19-ABL2,2019-10-31T18:11:29.933,3.3649028,-76.5312138,85.0,,,,
505,M-I-PM-31OCT19-ABL2,2019-10-31T18:11:29.934,3.3649028,-76.5312138,,,,,55.0
506,M-I-PM-31OCT19-ABL2,2019-10-31T18:11:29.993,3.3649028,-76.5312138,,3.0,,,
507,M-I-PM-31OCT19-ABL2,2019-10-31T18:11:30.092,3.3649028,-76.5312138,,,,6.0,
508,M-I-PM-31OCT19-ABL2,2019-10-31T18:11:30.096,3.3649028,-76.5312138,,,8.0,,
509,M-I-PM-31OCT19-ABL2,2019-10-31T18:11:30.929,3.3649102,-76.5312036,85.0,,,,
510,M-I-PM-31OCT19-ABL2,2019-10-31T18:11:30.932,3.3649102,-76.5312036,,,,,54.0
511,M-I-PM-31OCT19-ABL2,2019-10-31T18:11:31.002,3.3649102,-76.5312036,,3.0,,,
512,M-I-PM-31OCT19-ABL2,2019-10-31T18:11:31.065,3.3649102,-76.5312036,,,,6.0,
513,M-I-PM-31OCT19-ABL2,2019-10-31T18:11:31.068,3.3649102,-76.5312036,,,8.0,,
514,M-I-PM-31OCT19-ABL2,2019-10-31T18:11:31.877,3.3649106,-76.5312027,85.0,,,,
515,M-I-PM-31OCT19-ABL2,2019-10-31T18:11:31.929,3.3649106,-76.5312027,,,,,54.0
516,M-I-PM-31OCT19-ABL2,2019-10-31T18:11:32.021,3.3649106,-76.5312027,,3.0,,,
517,M-I-PM-31OCT19-ABL2,2019-10-31T18:11:32.097,3.3649106,-76.5312027,,,,6.0,
518,M-I-PM-31OCT19-ABL2,2019-10-31T18:11:32.099,3.3649106,-76.5312027,,,9.0,,
519,M-I-PM-31OCT19-ABL2,2019-10-31T18:11:33.001,3.3649106,-76.5312027,85.0,,,,
520,M-I-PM-31OCT19-ABL2,2019-10-31T18:11:33.028,3.3649106,-76.5312027,,,,,54.0
521,M-I-PM-31OCT19-ABL2,2019-10-31T18:11:33.081,3.3649106,-76.5312027,,3.0,,,
522,M-I-PM-31OCT19-ABL2,2019-10-31T18:11:33.136,3.3649106,-76.5312027,,,,6.0,
523,M-I-PM-31OCT19-ABL2,2019-10-31T18:11:33.137,3.3649106,-76.5312027,,,9.0,,
524,M-I-PM-31OCT19-ABL2,2019-10-31T18:11:33.881,3.3649121,-76.5312003,85.0,,,,
525,M-I-PM-31OCT19-ABL2,2019-10-31T18:11:33.945,3.3649121,-76.5312003,,,,,54.0
526,M-I-PM-31OCT19-ABL2,2019-10-31T18:11:33.993,3.3649121,-76.5312003,,3.0,,,
527,M-I-PM-31OCT19-ABL2,2019-10-31T18:11:34.038,3.3649121,-76.5312003,,,,6.0,
528,M-I-PM-31OCT19-ABL2,2019-10-31T18:11:34.104,3.3649121,-76.5312003,,,9.0,,
529,M-I-PM-31OCT19-ABL2,2019-10-31T18:11:34.907,3.3649121,-76.5312003,85.0,,,,
530,M-I-PM-31OCT19-ABL2,2019-10-31T18:11:35.014,3.3649121,-76.5312003,,,,,55.0
531,M-I-PM-31OCT19-ABL2,2019-10-31T18:11:35.016,3.3649121,-76.5312003,,3.0,,5.0,
532,M-I-PM-31OCT19-ABL2,2019-10-31T18:11:35.115,3.3649121,-76.5312003,,,8.0,,
533,M-I-PM-31OCT19-ABL2,2019-10-31T18:11:35.902,3.364916,-76.5311939,85.0,,,,
534,M-I-PM-31OCT19-ABL2,2019-10-31T18:11:35.903,3.364916,-76.5311939,,,,,55.0
535,M-I-PM-31OCT19-ABL2,2019-10-31T18:11:36.061,3.364916,-76.5311939,,3.0,,,
536,M-I-PM-31OCT19-ABL2,2019-10-31T18:11:36.064,3.364916,-76.5311939,,,,5.0,
537,M-I-PM-31OCT19-ABL2,2019-10-31T18:11:36.066,3.364916,-76.5311939,,,8.0,,
538,M-I-PM-31OCT19-ABL2,2019-10-31T18:11:37.040,3.364923,-76.5311865,85.0,,,,
539,M-I-PM-31OCT19-ABL2,2019-10-31T18:11:37.069,3.364923,-76.5311865,,,,,55.0
540,M-I-PM-31OCT19-ABL2,2019-10-31T18:11:37.169,3.364923,-76.5311865,,3.0,,,
541,M-I-PM-31OCT19-ABL2,2019-10-31T18:11:37.171,3.364923,-76.5311865,,,,5.0,
542,M-I-PM-31OCT19-ABL2,2019-10-31T18:11:37.172,3.364923,-76.5311865,,,8.0,,
543,M-I-PM-31OCT19-ABL2,2019-10-31T18:11:37.867,3.364923,-76.5311865,85.0,,,,
544,M-I-PM-31OCT19-ABL2,2019-10-31T18:11:37.968,3.364923,-76.5311865,,,,,54.0
545,M-I-PM-31OCT19-ABL2,2019-10-31T18:11:38.071,3.364923,-76.5311865,,3.0,,,
546,M-I-PM-31OCT19-ABL2,2019-10-31T18:11:38.073,3.364923,-76.5311865,,,,5.0,
547,M-I-PM-31OCT19-ABL2,2019-10-31T18:11:38.076,3.364923,-76.5311865,,,8.0,,
548,M-I-PM-31OCT19-ABL2,2019-10-31T18:11:38.911,3.3649578,-76.5311538,85.0,,,,
549,M-I-PM-31OCT19-ABL2,2019-10-31T18:11:38.913,3.3649578,-76.5311538,,,,,54.0
550,M-I-PM-31OCT19-ABL2,2019-10-31T18:11:39.021,3.3649578,-76.5311538,,3.0,,,
551,M-I-PM-31OCT19-ABL2,2019-10-31T18:11:39.101,3.3649578,-76.5311538,,,,5.0,
552,M-I-PM-31OCT19-ABL2,2019-10-31T18:11:39.102,3.3649578,-76.5311538,,,8.0,,
553,M-I-PM-31OCT19-ABL2,2019-10-31T18:11:39.915,3.364977,-76.5311363,85.0,,,,
554,M-I-PM-31OCT19-ABL2,2019-10-31T18:11:40.020,3.364977,-76.5311363,,,,,55.0
555,M-I-PM-31OCT19-ABL2,2019-10-31T18:11:40.021,3.364977,-76.5311363,,3.0,,,
556,M-I-PM-31OCT19-ABL2,2019-10-31T18:11:40.072,3.364977,-76.5311363,,,,5.0,
557,M-I-PM-31OCT19-ABL2,2019-10-31T18:11:40.108,3.364977,-76.5311363,,,8.0,,
558,M-I-PM-31OCT19-ABL2,2019-10-31T18:11:40.943,3.3649949,-76.53112,85.0,,,,
559,M-I-PM-31OCT19-ABL2,2019-10-31T18:11:40.945,3.3649949,-76.53112,,,,,54.0
560,M-I-PM-31OCT19-ABL2,2019-10-31T18:11:40.957,3.3649949,-76.53112,,3.0,,,
561,M-I-PM-31OCT19-ABL2,2019-10-31T18:11:41.040,3.3649949,-76.53112,,,,6.0,
562,M-I-PM-31OCT19-ABL2,2019-10-31T18:11:41.056,3.3649949,-76.53112,,,9.0,,
563,M-I-PM-31OCT19-ABL2,2019-10-31T18:11:41.934,3.3650119,-76.5311028,85.0,,,,
564,M-I-PM-31OCT19-ABL2,2019-10-31T18:11:42.017,3.3650119,-76.5311028,,,,,54.0
565,M-I-PM-31OCT19-ABL2,2019-10-31T18:11:42.021,3.3650119,-76.5311028,,4.0,,,
566,M-I-PM-31OCT19-ABL2,2019-10-31T18:11:42.067,3.3650119,-76.5311028,,,,6.0,
567,M-I-PM-31OCT19-ABL2,2019-10-31T18:11:42.070,3.3650119,-76.5311028,,,10.0,,
568,M-I-PM-31OCT19-ABL2,2019-10-31T18:11:42.871,3.3650289,-76.5310849,85.0,,,,
569,M-I-PM-31OCT19-ABL2,2019-10-31T18:11:43.012,3.3650289,-76.5310849,,,,,54.0
570,M-I-PM-31OCT19-ABL2,2019-10-31T18:11:43.016,3.3650289,-76.5310849,,4.0,,,
571,M-I-PM-31OCT19-ABL2,2019-10-31T18:11:43.085,3.3650289,-76.5310849,,,,6.0,
572,M-I-PM-31OCT19-ABL2,2019-10-31T18:11:43.089,3.3650289,-76.5310849,,,10.0,,
573,M-I-PM-31OCT19-ABL2,2019-10-31T18:11:43.904,3.3650289,-76.5310849,85.0,,,,
574,M-I-PM-31OCT19-ABL2,2019-10-31T18:11:43.974,3.3650289,-76.5310849,,,,,54.0
575,M-I-PM-31OCT19-ABL2,2019-10-31T18:11:44.123,3.3650289,-76.5310849,,4.0,,,
576,M-I-PM-31OCT19-ABL2,2019-10-31T18:11:44.126,3.3650289,-76.5310849,,,,6.0,
577,M-I-PM-31OCT19-ABL2,2019-10-31T18:11:44.237,3.3650289,-76.5310849,,,10.0,,
578,M-I-PM-31OCT19-ABL2,2019-10-31T18:11:44.958,3.365065,-76.5310558,85.0,,,,
579,M-I-PM-31OCT19-ABL2,2019-10-31T18:11:45.010,3.365065,-76.5310558,,,,,54.0
580,M-I-PM-31OCT19-ABL2,2019-10-31T18:11:45.042,3.365065,-76.5310558,,4.0,,,
581,M-I-PM-31OCT19-ABL2,2019-10-31T18:11:45.048,3.365065,-76.5310558,,,,6.0,
582,M-I-PM-31OCT19-ABL2,2019-10-31T18:11:45.050,3.365065,-76.5310558,,,10.0,,
583,M-I-PM-31OCT19-ABL2,2019-10-31T18:11:45.891,3.3650876,-76.5310407,85.0,,,,
584,M-I-PM-31OCT19-ABL2,2019-10-31T18:11:45.956,3.3650876,-76.5310407,,,,,54.0
585,M-I-PM-31OCT19-ABL2,2019-10-31T18:11:46.041,3.3650876,-76.5310407,,4.0,,,
586,M-I-PM-31OCT19-ABL2,2019-10-31T18:11:46.095,3.3650876,-76.5310407,,,,6.0,
587,M-I-PM-31OCT19-ABL2,2019-10-31T18:11:46.099,3.3650876,-76.5310407,,,10.0,,
588,M-I-PM-31OCT19-ABL2,2019-10-31T18:11:46.917,3.3650876,-76.5310407,85.0,,,,
589,M-I-PM-31OCT19-ABL2,2019-10-31T18:11:46.987,3.3650876,-76.5310407,,,,,54.0
590,M-I-PM-31OCT19-ABL2,2019-10-31T18:11:46.989,3.3650876,-76.5310407,,4.0,,,
591,M-I-PM-31OCT19-ABL2,2019-10-31T18:11:47.042,3.3650876,-76.5310407,,,,6.0,
592,M-I-PM-31OCT19-ABL2,2019-10-31T18:11:47.104,3.3650876,-76.5310407,,,10.0,,
593,M-I-PM-31OCT19-ABL2,2019-10-31T18:11:47.891,3.365133,-76.5310168,85.0,,,,
594,M-I-PM-31OCT19-ABL2,2019-10-31T18:11:47.977,3.365133,-76.5310168,,,,,54.0
595,M-I-PM-31OCT19-ABL2,2019-10-31T18:11:48.063,3.365133,-76.5310168,,3.0,,,
596,M-I-PM-31OCT19-ABL2,2019-10-31T18:11:48.065,3.365133,-76.5310168,,,,6.0,
597,M-I-PM-31OCT19-ABL2,2019-10-31T18:11:48.066,3.365133,-76.5310168,,,10.0,,
598,M-I-PM-31OCT19-ABL2,2019-10-31T18:11:48.926,3.3651552,-76.5310063,85.0,,,,
599,M-I-PM-31OCT19-ABL2,2019-10-31T18:11:48.978,3.3651552,-76.5310063,,,,,54.0
600,M-I-PM-31OCT19-ABL2,2019-10-31T18:11:49.034,3.3651552,-76.5310063,,3.0,,,
601,M-I-PM-31OCT19-ABL2,2019-10-31T18:11:49.064,3.3651552,-76.5310063,,,,6.0,
602,M-I-PM-31OCT19-ABL2,2019-10-31T18:11:49.143,3.3651552,-76.5310063,,,8.0,,
603,M-I-PM-31OCT19-ABL2,2019-10-31T18:11:49.984,3.3651552,-76.5310063,85.0,,,,54.0
604,M-I-PM-31OCT19-ABL2,2019-10-31T18:11:50.033,3.3651552,-76.5310063,,3.0,,,
605,M-I-PM-31OCT19-ABL2,2019-10-31T18:11:50.035,3.3651552,-76.5310063,,,,6.0,
606,M-I-PM-31OCT19-ABL2,2019-10-31T18:11:50.087,3.3651552,-76.5310063,,,8.0,,
607,M-I-PM-31OCT19-ABL2,2019-10-31T18:11:50.939,3.3651891,-76.530994,85.0,,,,
608,M-I-PM-31OCT19-ABL2,2019-10-31T18:11:50.940,3.3651891,-76.530994,,,,,54.0
609,M-I-PM-31OCT19-ABL2,2019-10-31T18:11:51.012,3.3651891,-76.530994,,4.0,,,
610,M-I-PM-31OCT19-ABL2,2019-10-31T18:11:51.065,3.3651891,-76.530994,,,,6.0,
611,M-I-PM-31OCT19-ABL2,2019-10-31T18:11:51.066,3.3651891,-76.530994,,,9.0,,
612,M-I-PM-31OCT19-ABL2,2019-10-31T18:11:51.959,3.3652026,-76.53099,85.0,,,,
613,M-I-PM-31OCT19-ABL2,2019-10-31T18:11:51.960,3.3652026,-76.53099,,,,,54.0
614,M-I-PM-31OCT19-ABL2,2019-10-31T18:11:52.024,3.3652026,-76.53099,,4.0,,,
615,M-I-PM-31OCT19-ABL2,2019-10-31T18:11:52.069,3.3652026,-76.53099,,,,6.0,
616,M-I-PM-31OCT19-ABL2,2019-10-31T18:11:52.071,3.3652026,-76.53099,,,9.0,,
617,M-I-PM-31OCT19-ABL2,2019-10-31T18:11:53.007,3.3652196,-76.5309847,85.0,,,,
618,M-I-PM-31OCT19-ABL2,2019-10-31T18:11:53.061,3.3652196,-76.5309847,,,,,54.0
619,M-I-PM-31OCT19-ABL2,2019-10-31T18:11:53.116,3.3652196,-76.5309847,,4.0,,,
620,M-I-PM-31OCT19-ABL2,2019-10-31T18:11:53.144,3.3652196,-76.5309847,,,,6.0,
621,M-I-PM-31OCT19-ABL2,2019-10-31T18:11:53.180,3.3652196,-76.5309847,,,9.0,,
622,M-I-PM-31OCT19-ABL2,2019-10-31T18:11:53.876,3.3652371,-76.5309759,85.0,,,,
623,M-I-PM-31OCT19-ABL2,2019-10-31T18:11:53.983,3.3652371,-76.5309759,,,,,54.0
624,M-I-PM-31OCT19-ABL2,2019-10-31T18:11:54.051,3.3652371,-76.5309759,,4.0,,,
625,M-I-PM-31OCT19-ABL2,2019-10-31T18:11:54.052,3.3652371,-76.5309759,,,,6.0,
626,M-I-PM-31OCT19-ABL2,2019-10-31T18:11:54.055,3.3652371,-76.5309759,,,9.0,,
627,M-I-PM-31OCT19-ABL2,2019-10-31T18:11:54.935,3.3652549,-76.5309665,85.0,,,,
628,M-I-PM-31OCT19-ABL2,2019-10-31T18:11:54.936,3.3652549,-76.5309665,,,,,54.0
629,M-I-PM-31OCT19-ABL2,2019-10-31T18:11:54.993,3.3652549,-76.5309665,,4.0,,,
630,M-I-PM-31OCT19-ABL2,2019-10-31T18:11:55.076,3.3652549,-76.5309665,,,,7.0,
631,M-I-PM-31OCT19-ABL2,2019-10-31T18:11:55.079,3.3652549,-76.5309665,,,10.0,,
632,M-I-PM-31OCT19-ABL2,2019-10-31T18:11:55.928,3.3652549,-76.5309665,85.0,,,,
633,M-I-PM-31OCT19-ABL2,2019-10-31T18:11:55.993,3.3652549,-76.5309665,,,,,54.0
634,M-I-PM-31OCT19-ABL2,2019-10-31T18:11:55.994,3.3652549,-76.5309665,,4.0,,,
635,M-I-PM-31OCT19-ABL2,2019-10-31T18:11:56.070,3.3652549,-76.5309665,,,,7.0,
636,M-I-PM-31OCT19-ABL2,2019-10-31T18:11:56.072,3.3652549,-76.5309665,,,9.0,,
637,M-I-PM-31OCT19-ABL2,2019-10-31T18:11:57.008,3.365281,-76.5309542,85.0,,,,
638,M-I-PM-31OCT19-ABL2,2019-10-31T18:11:57.072,3.365281,-76.5309542,,,,,54.0
639,M-I-PM-31OCT19-ABL2,2019-10-31T18:11:57.100,3.365281,-76.5309542,,4.0,,,
640,M-I-PM-31OCT19-ABL2,2019-10-31T18:11:57.134,3.365281,-76.5309542,,,,7.0,
641,M-I-PM-31OCT19-ABL2,2019-10-31T18:11:57.181,3.365281,-76.5309542,,,9.0,,
642,M-I-PM-31OCT19-ABL2,2019-10-31T18:11:57.844,3.365281,-76.5309542,85.0,,,,
643,M-I-PM-31OCT19-ABL2,2019-10-31T18:11:57.975,3.365281,-76.5309542,,,,,54.0
644,M-I-PM-31OCT19-ABL2,2019-10-31T18:11:58.042,3.365281,-76.5309542,,4.0,,,
645,M-I-PM-31OCT19-ABL2,2019-10-31T18:11:58.043,3.365281,-76.5309542,,,,6.0,
646,M-I-PM-31OCT19-ABL2,2019-10-31T18:11:58.067,3.365281,-76.5309542,,,8.0,,
647,M-I-PM-31OCT19-ABL2,2019-10-31T18:11:58.940,3.3653265,-76.530931,85.0,,,,
648,M-I-PM-31OCT19-ABL2,2019-10-31T18:11:58.944,3.3653265,-76.530931,,,,,54.0
649,M-I-PM-31OCT19-ABL2,2019-10-31T18:11:59.003,3.3653265,-76.530931,,4.0,,,
650,M-I-PM-31OCT19-ABL2,2019-10-31T18:11:59.072,3.3653265,-76.530931,,,,6.0,
651,M-I-PM-31OCT19-ABL2,2019-10-31T18:11:59.100,3.3653265,-76.530931,,,8.0,,
652,M-I-PM-31OCT19-ABL2,2019-10-31T18:11:59.951,3.3653622,-76.530909,85.0,,,,
653,M-I-PM-31OCT19-ABL2,2019-10-31T18:11:59.953,3.3653622,-76.530909,,,,,53.0
654,M-I-PM-31OCT19-ABL2,2019-10-31T18:12:00.026,3.3653622,-76.530909,,4.0,,,
655,M-I-PM-31OCT19-ABL2,2019-10-31T18:12:00.079,3.3653622,-76.530909,,,,6.0,
656,M-I-PM-31OCT19-ABL2,2019-10-31T18:12:00.081,3.3653622,-76.530909,,,8.0,,
657,M-I-PM-31OCT19-ABL2,2019-10-31T18:12:00.966,3.365399,-76.5308845,85.0,,,,
658,M-I-PM-31OCT19-ABL2,2019-10-31T18:12:00.967,3.365399,-76.5308845,,,,,53.0
659,M-I-PM-31OCT19-ABL2,2019-10-31T18:12:00.994,3.365399,-76.5308845,,4.0,,,
660,M-I-PM-31OCT19-ABL2,2019-10-31T18:12:01.048,3.365399,-76.5308845,,,,6.0,
661,M-I-PM-31OCT19-ABL2,2019-10-31T18:12:01.074,3.365399,-76.5308845,,,8.0,,
662,M-I-PM-31OCT19-ABL2,2019-10-31T18:12:01.916,3.365399,-76.5308845,85.0,,,,
663,M-I-PM-31OCT19-ABL2,2019-10-31T18:12:01.922,3.365399,-76.5308845,,,,,53.0
664,M-I-PM-31OCT19-ABL2,2019-10-31T18:12:02.007,3.365399,-76.5308845,,4.0,,,
665,M-I-PM-31OCT19-ABL2,2019-10-31T18:12:02.076,3.365399,-76.5308845,,,,6.0,
666,M-I-PM-31OCT19-ABL2,2019-10-31T18:12:02.079,3.365399,-76.5308845,,,7.0,,
667,M-I-PM-31OCT19-ABL2,2019-10-31T18:12:02.919,3.365468,-76.5308398,85.0,,,,
668,M-I-PM-31OCT19-ABL2,2019-10-31T18:12:02.922,3.365468,-76.5308398,,,,,53.0
669,M-I-PM-31OCT19-ABL2,2019-10-31T18:12:02.989,3.365468,-76.5308398,,4.0,,,
670,M-I-PM-31OCT19-ABL2,2019-10-31T18:12:03.059,3.365468,-76.5308398,,,,6.0,
671,M-I-PM-31OCT19-ABL2,2019-10-31T18:12:03.069,3.365468,-76.5308398,,,7.0,,
672,M-I-PM-31OCT19-ABL2,2019-10-31T18:12:03.922,3.3655117,-76.5308128,85.0,,,,
673,M-I-PM-31OCT19-ABL2,2019-10-31T18:12:03.930,3.3655117,-76.5308128,,,,,53.0
674,M-I-PM-31OCT19-ABL2,2019-10-31T18:12:04.014,3.3655117,-76.5308128,,4.0,,,
675,M-I-PM-31OCT19-ABL2,2019-10-31T18:12:04.073,3.3655117,-76.5308128,,,,6.0,
676,M-I-PM-31OCT19-ABL2,2019-10-31T18:12:04.075,3.3655117,-76.5308128,,,7.0,,
677,M-I-PM-31OCT19-ABL2,2019-10-31T18:12:05.050,3.3655117,-76.5308128,85.0,,,,
678,M-I-PM-31OCT19-ABL2,2019-10-31T18:12:05.103,3.3655117,-76.5308128,,,,,53.0
679,M-I-PM-31OCT19-ABL2,2019-10-31T18:12:05.132,3.3655117,-76.5308128,,4.0,,,
680,M-I-PM-31OCT19-ABL2,2019-10-31T18:12:05.207,3.3655117,-76.5308128,,,,6.0,
681,M-I-PM-31OCT19-ABL2,2019-10-31T18:12:05.287,3.3655117,-76.5308128,,,7.0,,
682,M-I-PM-31OCT19-ABL2,2019-10-31T18:12:05.862,3.3655862,-76.5307644,85.0,,,,
683,M-I-PM-31OCT19-ABL2,2019-10-31T18:12:05.949,3.3655862,-76.5307644,,,,,53.0
684,M-I-PM-31OCT19-ABL2,2019-10-31T18:12:06.048,3.3655862,-76.5307644,,4.0,,,
685,M-I-PM-31OCT19-ABL2,2019-10-31T18:12:06.058,3.3655862,-76.5307644,,,,6.0,
686,M-I-PM-31OCT19-ABL2,2019-10-31T18:12:06.065,3.3655862,-76.5307644,,,7.0,,
687,M-I-PM-31OCT19-ABL2,2019-10-31T18:12:06.928,3.3655862,-76.5307644,85.0,,,,
688,M-I-PM-31OCT19-ABL2,2019-10-31T18:12:06.989,3.3655862,-76.5307644,,4.0,,,53.0
689,M-I-PM-31OCT19-ABL2,2019-10-31T18:12:07.056,3.3655862,-76.5307644,,,,6.0,
690,M-I-PM-31OCT19-ABL2,2019-10-31T18:12:07.058,3.3655862,-76.5307644,,,8.0,,
691,M-I-PM-31OCT19-ABL2,2019-10-31T18:12:07.878,3.3656732,-76.5306931,85.0,,,,
692,M-I-PM-31OCT19-ABL2,2019-10-31T18:12:07.923,3.3656732,-76.5306931,,,,,53.0
693,M-I-PM-31OCT19-ABL2,2019-10-31T18:12:07.997,3.3656732,-76.5306931,,4.0,,,
694,M-I-PM-31OCT19-ABL2,2019-10-31T18:12:08.042,3.3656732,-76.5306931,,,,6.0,
695,M-I-PM-31OCT19-ABL2,2019-10-31T18:12:08.061,3.3656732,-76.5306931,,,8.0,,
696,M-I-PM-31OCT19-ABL2,2019-10-31T18:12:08.936,3.3657298,-76.5306717,85.0,,,,
697,M-I-PM-31OCT19-ABL2,2019-10-31T18:12:08.937,3.3657298,-76.5306717,,,,,53.0
698,M-I-PM-31OCT19-ABL2,2019-10-31T18:12:09.067,3.3657298,-76.5306717,,4.0,,,
699,M-I-PM-31OCT19-ABL2,2019-10-31T18:12:09.171,3.3657298,-76.5306717,,,,6.0,
700,M-I-PM-31OCT19-ABL2,2019-10-31T18:12:09.209,3.3657298,-76.5306717,,,7.0,,
701,M-I-PM-31OCT19-ABL2,2019-10-31T18:12:09.953,3.3657964,-76.5306345,85.0,,,,
702,M-I-PM-31OCT19-ABL2,2019-10-31T18:12:09.989,3.3657964,-76.5306345,,,,,53.0
703,M-I-PM-31OCT19-ABL2,2019-10-31T18:12:09.994,3.3657964,-76.5306345,,4.0,,,
704,M-I-PM-31OCT19-ABL2,2019-10-31T18:12:10.021,3.3657964,-76.5306345,,,,6.0,
705,M-I-PM-31OCT19-ABL2,2019-10-31T18:12:10.081,3.3657964,-76.5306345,,,7.0,,
706,M-I-PM-31OCT19-ABL2,2019-10-31T18:12:10.912,3.3657964,-76.5306345,85.0,,,,
707,M-I-PM-31OCT19-ABL2,2019-10-31T18:12:10.987,3.3657964,-76.5306345,,4.0,,,53.0
708,M-I-PM-31OCT19-ABL2,2019-10-31T18:12:11.088,3.3657964,-76.5306345,,,,6.0,
709,M-I-PM-31OCT19-ABL2,2019-10-31T18:12:11.160,3.3657964,-76.5306345,,,7.0,,
710,M-I-PM-31OCT19-ABL2,2019-10-31T18:12:11.926,3.3659163,-76.5305594,85.0,,,,
711,M-I-PM-31OCT19-ABL2,2019-10-31T18:12:12.004,3.3659163,-76.5305594,,,,,53.0
712,M-I-PM-31OCT19-ABL2,2019-10-31T18:12:12.005,3.3659163,-76.5305594,,4.0,,,
713,M-I-PM-31OCT19-ABL2,2019-10-31T18:12:12.087,3.3659163,-76.5305594,,,,6.0,
714,M-I-PM-31OCT19-ABL2,2019-10-31T18:12:12.088,3.3659163,-76.5305594,,,7.0,,
715,M-I-PM-31OCT19-ABL2,2019-10-31T18:12:13.018,3.3659163,-76.5305594,85.0,,,,
716,M-I-PM-31OCT19-ABL2,2019-10-31T18:12:13.070,3.3659163,-76.5305594,,,,,53.0
717,M-I-PM-31OCT19-ABL2,2019-10-31T18:12:13.137,3.3659163,-76.5305594,,4.0,,,
718,M-I-PM-31OCT19-ABL2,2019-10-31T18:12:13.165,3.3659163,-76.5305594,,,,6.0,
719,M-I-PM-31OCT19-ABL2,2019-10-31T18:12:13.190,3.3659163,-76.5305594,,,7.0,,
720,M-I-PM-31OCT19-ABL2,2019-10-31T18:12:13.938,3.366032,-76.5304835,85.0,,,,
721,M-I-PM-31OCT19-ABL2,2019-10-31T18:12:13.941,3.366032,-76.5304835,,,,,53.0
722,M-I-PM-31OCT19-ABL2,2019-10-31T18:12:14.020,3.366032,-76.5304835,,4.0,,,
723,M-I-PM-31OCT19-ABL2,2019-10-31T18:12:14.064,3.366032,-76.5304835,,,,7.0,
724,M-I-PM-31OCT19-ABL2,2019-10-31T18:12:14.073,3.366032,-76.5304835,,,8.0,,
725,M-I-PM-31OCT19-ABL2,2019-10-31T18:12:14.877,3.366032,-76.5304835,85.0,,,,
726,M-I-PM-31OCT19-ABL2,2019-10-31T18:12:14.948,3.366032,-76.5304835,,,,,53.0
727,M-I-PM-31OCT19-ABL2,2019-10-31T18:12:15.008,3.366032,-76.5304835,,4.0,,,
728,M-I-PM-31OCT19-ABL2,2019-10-31T18:12:15.057,3.366032,-76.5304835,,,,7.0,
729,M-I-PM-31OCT19-ABL2,2019-10-31T18:12:15.063,3.366032,-76.5304835,,,8.0,,
730,M-I-PM-31OCT19-ABL2,2019-10-31T18:12:15.906,3.366149,-76.5304045,85.0,,,,
731,M-I-PM-31OCT19-ABL2,2019-10-31T18:12:15.979,3.366149,-76.5304045,,,,,54.0
732,M-I-PM-31OCT19-ABL2,2019-10-31T18:12:16.067,3.366149,-76.5304045,,5.0,,,
733,M-I-PM-31OCT19-ABL2,2019-10-31T18:12:16.070,3.366149,-76.5304045,,,,7.0,
734,M-I-PM-31OCT19-ABL2,2019-10-31T18:12:16.080,3.366149,-76.5304045,,,9.0,,
735,M-I-PM-31OCT19-ABL2,2019-10-31T18:12:16.981,3.366149,-76.5304045,85.0,,,,
736,M-I-PM-31OCT19-ABL2,2019-10-31T18:12:16.983,3.366149,-76.5304045,,,,,54.0
737,M-I-PM-31OCT19-ABL2,2019-10-31T18:12:17.058,3.366149,-76.5304045,,5.0,,,
738,M-I-PM-31OCT19-ABL2,2019-10-31T18:12:17.059,3.366149,-76.5304045,,,,7.0,
739,M-I-PM-31OCT19-ABL2,2019-10-31T18:12:17.068,3.366149,-76.5304045,,,9.0,,
740,M-I-PM-31OCT19-ABL2,2019-10-31T18:12:18.012,3.3662735,-76.5303123,85.0,,,,
741,M-I-PM-31OCT19-ABL2,2019-10-31T18:12:18.041,3.3662735,-76.5303123,,,,,54.0
742,M-I-PM-31OCT19-ABL2,2019-10-31T18:12:18.074,3.3662735,-76.5303123,,5.0,,,
743,M-I-PM-31OCT19-ABL2,2019-10-31T18:12:18.098,3.3662735,-76.5303123,,,,7.0,
744,M-I-PM-31OCT19-ABL2,2019-10-31T18:12:18.149,3.3662735,-76.5303123,,,9.0,,
745,M-I-PM-31OCT19-ABL2,2019-10-31T18:12:18.843,3.3662735,-76.5303123,85.0,,,,
746,M-I-PM-31OCT19-ABL2,2019-10-31T18:12:18.938,3.3662735,-76.5303123,,,,,54.0
747,M-I-PM-31OCT19-ABL2,2019-10-31T18:12:19.025,3.3662735,-76.5303123,,4.0,,,
748,M-I-PM-31OCT19-ABL2,2019-10-31T18:12:19.074,3.3662735,-76.5303123,,,,7.0,
749,M-I-PM-31OCT19-ABL2,2019-10-31T18:12:19.076,3.3662735,-76.5303123,,,9.0,,
750,M-I-PM-31OCT19-ABL2,2019-10-31T18:12:19.913,3.3664022,-76.5302224,85.0,,,,
751,M-I-PM-31OCT19-ABL2,2019-10-31T18:12:19.976,3.3664022,-76.5302224,,,,,54.0
752,M-I-PM-31OCT19-ABL2,2019-10-31T18:12:20.065,3.3664022,-76.5302224,,4.0,,,
753,M-I-PM-31OCT19-ABL2,2019-10-31T18:12:20.066,3.3664022,-76.5302224,,,,7.0,
754,M-I-PM-31OCT19-ABL2,2019-10-31T18:12:20.067,3.3664022,-76.5302224,,,9.0,,
755,M-I-PM-31OCT19-ABL2,2019-10-31T18:12:20.909,3.3664022,-76.5302224,86.0,,,,
756,M-I-PM-31OCT19-ABL2,2019-10-31T18:12:20.978,3.3664022,-76.5302224,,,,,54.0
757,M-I-PM-31OCT19-ABL2,2019-10-31T18:12:21.050,3.3664022,-76.5302224,,5.0,,,
758,M-I-PM-31OCT19-ABL2,2019-10-31T18:12:21.051,3.3664022,-76.5302224,,,,7.0,
759,M-I-PM-31OCT19-ABL2,2019-10-31T18:12:21.071,3.3664022,-76.5302224,,,9.0,,
760,M-I-PM-31OCT19-ABL2,2019-10-31T18:12:22.028,3.3665247,-76.5301399,85.0,,,,
761,M-I-PM-31OCT19-ABL2,2019-10-31T18:12:22.082,3.3665247,-76.5301399,,,,,54.0
762,M-I-PM-31OCT19-ABL2,2019-10-31T18:12:22.111,3.3665247,-76.5301399,,5.0,,7.0,
763,M-I-PM-31OCT19-ABL2,2019-10-31T18:12:22.140,3.3665247,-76.5301399,,,9.0,,
764,M-I-PM-31OCT19-ABL2,2019-10-31T18:12:22.873,3.3665821,-76.5300999,85.0,,,,
765,M-I-PM-31OCT19-ABL2,2019-10-31T18:12:22.937,3.3665821,-76.5300999,,,,,54.0
766,M-I-PM-31OCT19-ABL2,2019-10-31T18:12:23.032,3.3665821,-76.5300999,,6.0,,,
767,M-I-PM-31OCT19-ABL2,2019-10-31T18:12:23.074,3.3665821,-76.5300999,,,,10.0,
768,M-I-PM-31OCT19-ABL2,2019-10-31T18:12:23.077,3.3665821,-76.5300999,,,12.0,,
769,M-I-PM-31OCT19-ABL2,2019-10-31T18:12:23.856,3.3665821,-76.5300999,85.0,,,,
770,M-I-PM-31OCT19-ABL2,2019-10-31T18:12:23.944,3.3665821,-76.5300999,,,,,54.0
771,M-I-PM-31OCT19-ABL2,2019-10-31T18:12:23.974,3.3665821,-76.5300999,,6.0,,,
772,M-I-PM-31OCT19-ABL2,2019-10-31T18:12:24.090,3.3665821,-76.5300999,,,12.0,9.0,
773,M-I-PM-31OCT19-ABL2,2019-10-31T18:12:24.883,3.3666923,-76.5300227,85.0,,,,
774,M-I-PM-31OCT19-ABL2,2019-10-31T18:12:24.944,3.3666923,-76.5300227,,,,,54.0
775,M-I-PM-31OCT19-ABL2,2019-10-31T18:12:24.996,3.3666923,-76.5300227,,6.0,,,
776,M-I-PM-31OCT19-ABL2,2019-10-31T18:12:25.070,3.3666923,-76.5300227,,,,9.0,
777,M-I-PM-31OCT19-ABL2,2019-10-31T18:12:25.092,3.3666923,-76.5300227,,,12.0,,
778,M-I-PM-31OCT19-ABL2,2019-10-31T18:12:25.883,3.3667455,-76.5299862,85.0,,,,
779,M-I-PM-31OCT19-ABL2,2019-10-31T18:12:25.964,3.3667455,-76.5299862,,,,,54.0
780,M-I-PM-31OCT19-ABL2,2019-10-31T18:12:25.991,3.3667455,-76.5299862,,6.0,,,
781,M-I-PM-31OCT19-ABL2,2019-10-31T18:12:26.050,3.3667455,-76.5299862,,,,10.0,
782,M-I-PM-31OCT19-ABL2,2019-10-31T18:12:26.079,3.3667455,-76.5299862,,,12.0,,
783,M-I-PM-31OCT19-ABL2,2019-10-31T18:12:26.960,3.3667918,-76.5299571,85.0,,,,
784,M-I-PM-31OCT19-ABL2,2019-10-31T18:12:26.961,3.3667918,-76.5299571,,,,,54.0
785,M-I-PM-31OCT19-ABL2,2019-10-31T18:12:27.077,3.3667918,-76.5299571,,6.0,,,
786,M-I-PM-31OCT19-ABL2,2019-10-31T18:12:27.080,3.3667918,-76.5299571,,,,10.0,
787,M-I-PM-31OCT19-ABL2,2019-10-31T18:12:27.081,3.3667918,-76.5299571,,,12.0,,
788,M-I-PM-31OCT19-ABL2,2019-10-31T18:12:27.896,3.3667918,-76.5299571,85.0,,,,
789,M-I-PM-31OCT19-ABL2,2019-10-31T18:12:27.971,3.3667918,-76.5299571,,,,,54.0
790,M-I-PM-31OCT19-ABL2,2019-10-31T18:12:28.067,3.3667918,-76.5299571,,6.0,,,
791,M-I-PM-31OCT19-ABL2,2019-10-31T18:12:28.068,3.3667918,-76.5299571,,,,10.0,
792,M-I-PM-31OCT19-ABL2,2019-10-31T18:12:28.069,3.3667918,-76.5299571,,,12.0,,
